,Borough,Major Category,201801,201802,201803,201804,201805,201806,201807,201808,201809,201810,201811,201812
0,Barking and Dagenham,Burglary,143,134,122,75,93,77,94,84,99,94,106,163
1,Barking and Dagenham,Burglary,67,48,61,65,39,52,40,36,50,61,60,50
2,Barking and Dagenham,Criminal Damage,34,23,30,29,32,29,21,29,23,35,21,15
3,Barking and Dagenham,Criminal Damage,60,51,53,64,64,67,69,42,38,42,47,33
4,Barking and Dagenham,Criminal Damage,10,5,6,9,8,8,7,7,11,5,4,7
5,Barking and Dagenham,Criminal Damage,38,42,39,31,35,37,47,32,45,63,42,39
6,Barking and Dagenham,Drugs,3,5,6,1,5,6,7,7,9,5,6,2
7,Barking and Dagenham,Drugs,1,0,0,0,0,0,0,0,0,0,0,0
8,Barking and Dagenham,Drugs,63,76,76,72,75,67,75,70,72,64,73,66
9,Barking and Dagenham,Fraud or Forgery,0,0,0,0,0,0,0,0,0,0,0,0
10,Barking and Dagenham,Fraud or Forgery,2,2,6,3,2,2,0,0,2,1,2,1
11,Barking and Dagenham,Other Notifiable Offences,0,1,1,0,0,0,1,1,0,0,0,0
12,Barking and Dagenham,Other Notifiable Offences,28,26,37,34,39,36,38,27,25,20,31,33
13,Barking and Dagenham,Robbery,6,4,7,9,3,6,3,0,7,4,3,5
14,Barking and Dagenham,Robbery,64,69,71,41,41,77,78,57,61,74,79,56
15,Barking and Dagenham,Sexual Offences,17,16,30,28,26,35,28,14,30,27,22,26
16,Barking and Dagenham,Sexual Offences,23,10,16,18,26,15,16,25,17,17,12,16
17,Barking and Dagenham,Theft and Handling,2,5,1,1,3,2,1,1,1,1,6,0
18,Barking and Dagenham,Theft and Handling,0,0,0,0,0,0,0,0,0,0,0,0
19,Barking and Dagenham,Theft and Handling,142,128,147,130,140,144,172,170,143,163,168,148
20,Barking and Dagenham,Theft and Handling,27,35,27,29,29,44,50,34,24,43,67,49
21,Barking and Dagenham,Theft and Handling,99,101,97,89,101,87,63,91,82,103,84,88
22,Barking and Dagenham,Theft and Handling,74,59,84,69,68,65,64,68,52,56,66,65
23,Barking and Dagenham,Theft and Handling,111,96,101,102,99,125,84,100,111,127,121,91
24,Barking and Dagenham,Theft and Handling,7,9,16,18,14,25,24,28,22,17,11,12
25,Barking and Dagenham,Violence Against the Person,103,115,146,127,132,121,141,109,89,118,120,102
26,Barking and Dagenham,Violence Against the Person,145,125,140,131,165,153,155,125,117,138,139,144
27,Barking and Dagenham,Violence Against the Person,0,0,0,0,0,0,0,0,0,0,0,0
28,Barking and Dagenham,Violence Against the Person,153,140,180,163,167,172,205,200,210,180,153,199
29,Barking and Dagenham,Violence Against the Person,0,1,1,0,1,1,0,1,0,1,0,0
30,Barking and Dagenham,Violence Against the Person,11,8,22,19,12,11,14,16,21,18,14,13
31,Barking and Dagenham,Violence Against the Person,27,46,33,40,22,40,36,23,43,48,36,47
32,Barking and Dagenham,Violence Against the Person,42,43,46,47,53,61,72,60,52,53,47,61
33,Barnet,Burglary,269,219,248,239,232,208,202,209,202,309,328,247
34,Barnet,Burglary,111,122,144,138,137,129,119,132,130,122,114,122
35,Barnet,Criminal Damage,34,28,38,29,29,40,35,34,25,32,36,33
36,Barnet,Criminal Damage,55,89,76,73,68,55,56,62,69,84,69,70
37,Barnet,Criminal Damage,10,21,13,22,16,9,16,12,8,13,7,14
38,Barnet,Criminal Damage,48,45,48,48,46,41,54,56,46,63,70,60
39,Barnet,Drugs,12,7,14,9,3,9,7,6,3,14,4,8
40,Barnet,Drugs,0,0,0,0,2,2,1,0,1,0,0,0
41,Barnet,Drugs,47,49,57,53,43,39,46,51,37,59,49,59
42,Barnet,Fraud or Forgery,0,0,0,0,0,0,0,0,0,0,0,0
43,Barnet,Fraud or Forgery,4,3,6,7,4,2,5,5,3,3,4,5
44,Barnet,Other Notifiable Offences,2,0,1,0,1,1,1,1,0,3,2,4
45,Barnet,Other Notifiable Offences,54,31,46,41,46,36,65,30,34,54,39,46
46,Barnet,Robbery,11,5,6,3,3,5,2,7,3,8,8,7
47,Barnet,Robbery,54,44,76,48,64,64,45,62,43,61,65,61
48,Barnet,Sexual Offences,36,28,36,23,37,37,28,24,22,34,32,21
49,Barnet,Sexual Offences,17,16,24,35,54,18,30,19,18,21,14,8
50,Barnet,Theft and Handling,4,4,6,5,5,1,4,4,1,4,0,1
51,Barnet,Theft and Handling,0,0,0,0,0,0,0,0,0,0,0,0
52,Barnet,Theft and Handling,314,309,316,364,306,319,336,287,327,338,330,316
53,Barnet,Theft and Handling,67,84,71,67,48,59,55,53,46,53,73,78
54,Barnet,Theft and Handling,215,206,267,214,241,216,223,261,293,284,348,267
55,Barnet,Theft and Handling,141,127,121,132,135,146,116,129,131,119,131,133
56,Barnet,Theft and Handling,120,103,139,114,125,119,105,121,161,151,149,127
57,Barnet,Theft and Handling,16,15,14,15,23,15,14,14,17,10,16,6
58,Barnet,Violence Against the Person,129,94,102,127,139,151,176,123,119,123,120,148
59,Barnet,Violence Against the Person,170,156,185,187,170,190,185,184,193,167,190,211
60,Barnet,Violence Against the Person,0,0,0,0,0,0,0,0,0,0,0,0
61,Barnet,Violence Against the Person,237,220,255,249,289,329,334,268,255,327,261,261
62,Barnet,Violence Against the Person,1,1,0,1,0,0,0,0,0,1,0,0
63,Barnet,Violence Against the Person,16,16,12,17,16,13,16,9,4,11,13,17
64,Barnet,Violence Against the Person,28,31,29,37,35,27,38,27,19,18,31,31
65,Barnet,Violence Against the Person,36,45,44,55,72,65,52,54,51,59,57,55
66,Bexley,Burglary,171,132,98,81,71,65,65,94,107,116,188,190
67,Bexley,Burglary,49,30,49,52,51,46,41,41,48,62,51,69
68,Bexley,Criminal Damage,28,32,29,23,32,30,23,29,22,22,32,30
69,Bexley,Criminal Damage,68,67,49,47,56,58,47,50,47,48,64,84
70,Bexley,Criminal Damage,8,7,9,14,16,14,10,6,13,5,11,11
71,Bexley,Criminal Damage,34,32,34,33,32,31,49,35,39,46,38,41
72,Bexley,Drugs,2,3,5,2,2,1,4,3,1,1,2,2
73,Bexley,Drugs,0,0,0,0,0,2,0,0,0,0,0,0
74,Bexley,Drugs,67,53,41,46,38,59,45,32,43,47,62,30
75,Bexley,Fraud or Forgery,0,0,0,0,0,0,0,0,0,0,0,0
76,Bexley,Fraud or Forgery,0,1,1,1,2,2,1,0,1,1,1,0
77,Bexley,Other Notifiable Offences,1,5,2,0,0,0,1,1,0,0,1,0
78,Bexley,Other Notifiable Offences,22,23,30,25,40,37,36,39,30,30,33,34
79,Bexley,Robbery,4,8,4,3,5,4,7,3,4,5,3,5
80,Bexley,Robbery,23,32,17,12,28,27,18,17,26,27,22,19
81,Bexley,Sexual Offences,24,19,27,23,25,22,10,19,20,11,20,12
82,Bexley,Sexual Offences,8,13,5,14,11,18,21,17,16,13,14,6
83,Bexley,Theft and Handling,1,0,3,1,2,0,3,3,3,1,0,1
84,Bexley,Theft and Handling,0,0,0,0,0,0,0,0,0,0,0,0
85,Bexley,Theft and Handling,111,97,121,110,121,139,102,144,151,126,114,156
86,Bexley,Theft and Handling,14,15,10,10,10,17,9,17,14,25,23,21
87,Bexley,Theft and Handling,84,82,82,109,110,89,113,118,129,118,126,139
88,Bexley,Theft and Handling,88,71,96,92,102,76,76,82,58,87,91,90
89,Bexley,Theft and Handling,72,47,68,62,52,72,84,56,64,75,55,69
90,Bexley,Theft and Handling,3,7,4,7,18,10,16,11,15,14,7,4
91,Bexley,Violence Against the Person,88,57,100,96,101,119,98,84,74,100,101,108
92,Bexley,Violence Against the Person,104,82,115,110,132,121,119,99,114,119,108,107
93,Bexley,Violence Against the Person,0,0,0,0,0,0,0,0,0,0,0,0
94,Bexley,Violence Against the Person,130,127,139,165,185,180,158,170,158,165,155,171
95,Bexley,Violence Against the Person,0,0,0,0,0,0,0,0,0,0,0,0
96,Bexley,Violence Against the Person,7,6,10,11,8,7,3,7,8,7,7,8
97,Bexley,Violence Against the Person,15,16,21,11,24,33,30,23,21,30,27,16
98,Bexley,Violence Against the Person,36,33,41,32,36,51,43,43,35,35,39,37
99,Brent,Burglary,258,257,273,201,174,186,199,185,172,206,214,172
100,Brent,Burglary,103,100,116,91,109,85,113,101,93,88,116,108
101,Brent,Criminal Damage,51,46,37,40,48,53,42,31,46,29,35,32
102,Brent,Criminal Damage,76,54,53,70,77,72,75,63,54,53,48,56
103,Brent,Criminal Damage,23,21,20,17,17,21,22,25,14,10,14,14
104,Brent,Criminal Damage,52,62,57,42,66,62,47,60,72,68,69,74
105,Brent,Drugs,8,24,21,8,5,5,13,10,4,16,16,7
106,Brent,Drugs,1,2,5,1,1,2,1,6,3,3,1,1
107,Brent,Drugs,117,95,119,107,141,161,151,145,138,161,158,119
108,Brent,Fraud or Forgery,0,0,0,0,0,0,0,0,0,0,0,0
109,Brent,Fraud or Forgery,4,5,6,7,2,3,2,4,1,3,6,4
110,Brent,Other Notifiable Offences,1,0,5,2,4,0,2,0,0,0,1,1
111,Brent,Other Notifiable Offences,48,41,42,53,60,58,74,52,45,58,56,35
112,Brent,Robbery,5,4,13,3,11,9,14,13,8,16,14,4
113,Brent,Robbery,146,116,122,99,105,118,108,99,116,106,111,101
114,Brent,Sexual Offences,40,43,31,38,45,44,38,30,34,52,32,22
115,Brent,Sexual Offences,21,16,25,17,24,30,29,30,16,10,14,12
116,Brent,Theft and Handling,2,4,2,2,0,4,3,0,0,3,3,0
117,Brent,Theft and Handling,0,0,0,0,0,0,0,0,0,0,0,0
118,Brent,Theft and Handling,279,228,272,283,269,307,325,269,292,327,281,268
119,Brent,Theft and Handling,81,81,71,102,73,96,80,76,67,72,94,56
120,Brent,Theft and Handling,174,162,156,142,147,149,164,189,183,181,248,238
121,Brent,Theft and Handling,113,99,109,105,130,118,126,119,125,124,98,95
122,Brent,Theft and Handling,106,116,101,131,108,103,114,101,107,187,195,110
123,Brent,Theft and Handling,19,14,17,16,31,27,34,39,55,33,32,23
124,Brent,Violence Against the Person,151,162,166,157,194,183,180,159,189,159,170,165
125,Brent,Violence Against the Person,253,228,279,260,309,297,304,272,264,290,258,261
126,Brent,Violence Against the Person,0,0,0,0,0,0,0,0,0,0,0,0
127,Brent,Violence Against the Person,219,238,245,264,322,313,324,269,282,293,279,237
128,Brent,Violence Against the Person,0,0,0,0,2,1,0,0,0,0,0,0
129,Brent,Violence Against the Person,21,18,22,17,27,23,23,18,14,25,25,22
130,Brent,Violence Against the Person,51,41,48,39,38,53,38,47,51,36,54,50
131,Brent,Violence Against the Person,99,81,85,83,108,107,92,91,100,99,78,84
132,Bromley,Burglary,210,204,231,193,167,113,106,169,141,178,241,236
133,Bromley,Burglary,116,88,79,80,55,74,57,97,61,103,84,79
134,Bromley,Criminal Damage,36,36,44,30,44,42,45,38,29,36,48,25
135,Bromley,Criminal Damage,80,47,71,68,64,67,69,59,55,72,61,72
136,Bromley,Criminal Damage,37,15,13,13,19,17,17,16,8,4,11,16
137,Bromley,Criminal Damage,68,56,49,69,61,76,65,57,62,74,76,74
138,Bromley,Drugs,3,5,4,1,4,3,0,2,2,3,6,5
139,Bromley,Drugs,0,0,0,0,0,0,0,0,1,0,1,1
140,Bromley,Drugs,63,62,41,52,43,43,42,49,62,55,53,97
141,Bromley,Fraud or Forgery,0,0,0,0,0,0,0,0,0,0,0,0
142,Bromley,Fraud or Forgery,1,0,4,4,4,2,2,1,0,2,2,0
143,Bromley,Other Notifiable Offences,1,3,0,0,0,2,1,0,1,0,1,1
144,Bromley,Other Notifiable Offences,45,23,39,28,32,34,45,35,41,36,24,13
145,Bromley,Robbery,9,2,8,1,10,5,3,8,6,3,4,10
146,Bromley,Robbery,40,24,42,29,39,46,25,21,26,35,31,26
147,Bromley,Sexual Offences,41,26,38,27,41,29,40,21,33,21,34,27
148,Bromley,Sexual Offences,14,14,13,17,15,25,23,18,13,13,24,15
149,Bromley,Theft and Handling,2,1,0,1,0,3,0,1,3,3,2,2
150,Bromley,Theft and Handling,0,0,0,0,0,0,0,0,0,0,0,0
151,Bromley,Theft and Handling,213,197,201,218,235,236,231,222,224,240,203,213
152,Bromley,Theft and Handling,23,19,22,30,17,23,29,21,18,23,36,47
153,Bromley,Theft and Handling,169,151,160,144,146,197,148,170,171,180,229,164
154,Bromley,Theft and Handling,158,151,142,192,180,229,180,186,180,168,142,166
155,Bromley,Theft and Handling,75,73,66,80,93,69,59,71,82,80,69,83
156,Bromley,Theft and Handling,16,5,17,9,12,21,19,23,33,23,20,17
157,Bromley,Violence Against the Person,129,90,142,114,141,125,144,109,145,152,111,122
158,Bromley,Violence Against the Person,163,141,183,160,170,158,185,137,165,146,149,158
159,Bromley,Violence Against the Person,0,0,0,0,0,0,0,0,0,0,0,0
160,Bromley,Violence Against the Person,204,205,245,249,293,253,293,246,278,240,216,215
161,Bromley,Violence Against the Person,1,0,0,0,1,0,0,1,0,0,1,0
162,Bromley,Violence Against the Person,17,11,15,10,18,21,11,16,20,8,17,20
163,Bromley,Violence Against the Person,22,19,27,27,30,34,28,13,22,28,37,30
164,Bromley,Violence Against the Person,53,41,59,43,44,67,61,43,55,42,52,52
165,Camden,Burglary,158,144,131,125,156,160,156,169,166,166,201,173
166,Camden,Burglary,153,165,153,155,180,170,176,202,164,170,139,131
167,Camden,Criminal Damage,29,34,37,32,35,35,26,31,26,18,41,27
168,Camden,Criminal Damage,47,40,37,50,53,49,49,42,35,47,42,39
169,Camden,Criminal Damage,28,23,26,25,23,15,21,26,24,13,14,22
170,Camden,Criminal Damage,41,31,44,49,41,35,49,47,50,63,53,52
171,Camden,Drugs,5,9,7,7,6,7,3,6,17,14,5,5
172,Camden,Drugs,0,1,0,2,2,0,2,2,1,2,1,1
173,Camden,Drugs,109,91,100,98,78,96,81,77,84,104,124,111
174,Camden,Fraud or Forgery,0,0,0,0,0,0,0,0,0,0,0,0
175,Camden,Fraud or Forgery,2,4,2,3,4,3,3,6,2,5,1,3
176,Camden,Other Notifiable Offences,0,3,0,0,1,1,2,2,0,2,2,0
177,Camden,Other Notifiable Offences,33,48,41,34,35,40,54,38,40,36,21,31
178,Camden,Robbery,12,7,13,8,10,8,4,7,7,12,14,9
179,Camden,Robbery,161,132,136,119,108,156,153,121,115,123,163,132
180,Camden,Sexual Offences,30,34,46,48,31,31,38,37,38,23,36,27
181,Camden,Sexual Offences,30,33,26,23,27,15,29,22,16,35,24,24
182,Camden,Theft and Handling,3,8,3,3,2,2,2,9,6,2,0,2
183,Camden,Theft and Handling,0,0,0,0,0,0,0,0,0,0,0,0
184,Camden,Theft and Handling,540,482,525,449,531,488,555,503,573,679,712,742
185,Camden,Theft and Handling,553,374,515,398,346,444,333,342,291,305,340,310
186,Camden,Theft and Handling,194,170,139,177,179,172,175,147,158,172,201,194
187,Camden,Theft and Handling,139,145,139,176,151,141,139,122,124,135,128,122
188,Camden,Theft and Handling,51,54,48,50,50,67,67,54,57,59,58,43
189,Camden,Theft and Handling,76,66,72,99,121,112,132,116,177,188,107,79
190,Camden,Violence Against the Person,149,114,113,137,164,163,167,142,147,148,137,133
191,Camden,Violence Against the Person,185,190,236,208,231,218,248,226,194,195,204,210
192,Camden,Violence Against the Person,0,0,0,0,0,0,0,0,0,0,0,0
193,Camden,Violence Against the Person,249,236,224,238,291,281,305,248,254,223,255,231
194,Camden,Violence Against the Person,0,3,0,1,0,0,0,0,0,0,0,0
195,Camden,Violence Against the Person,14,20,16,18,17,14,18,15,14,13,13,16
196,Camden,Violence Against the Person,25,20,16,29,26,19,30,23,33,26,20,22
197,Camden,Violence Against the Person,84,85,75,60,71,74,83,71,70,67,68,62
198,Croydon,Burglary,211,219,190,163,157,144,185,200,164,201,218,194
199,Croydon,Burglary,116,71,74,78,86,76,77,120,96,103,112,114
200,Croydon,Criminal Damage,57,57,50,61,63,64,62,48,52,45,49,44
201,Croydon,Criminal Damage,105,95,79,76,88,79,85,76,82,83,72,78
202,Croydon,Criminal Damage,16,19,18,22,15,11,15,16,8,16,15,16
203,Croydon,Criminal Damage,61,58,61,63,76,69,75,74,66,79,78,76
204,Croydon,Drugs,13,10,10,7,4,12,8,8,5,9,1,8
205,Croydon,Drugs,1,0,0,3,2,1,1,1,0,2,2,0
206,Croydon,Drugs,143,115,138,141,101,78,87,115,157,183,131,164
207,Croydon,Fraud or Forgery,0,0,0,0,0,0,0,0,0,0,0,0
208,Croydon,Fraud or Forgery,1,2,3,5,3,2,0,3,5,3,4,0
209,Croydon,Other Notifiable Offences,0,1,1,0,1,2,0,2,2,0,1,0
210,Croydon,Other Notifiable Offences,55,59,63,62,58,59,56,47,55,62,51,56
211,Croydon,Robbery,4,12,9,5,8,10,8,11,4,4,13,4
212,Croydon,Robbery,98,89,69,80,96,78,97,86,82,93,71,70
213,Croydon,Sexual Offences,28,46,44,37,58,33,49,38,47,54,44,43
214,Croydon,Sexual Offences,32,25,30,42,35,30,47,39,42,41,57,24
215,Croydon,Theft and Handling,4,5,4,4,5,4,1,4,4,6,3,6
216,Croydon,Theft and Handling,0,0,0,0,0,0,0,0,0,0,0,0
217,Croydon,Theft and Handling,304,270,300,280,309,293,356,322,293,278,285,256
218,Croydon,Theft and Handling,52,41,45,38,51,51,50,35,37,58,50,46
219,Croydon,Theft and Handling,213,182,165,154,186,141,219,228,243,270,273,252
220,Croydon,Theft and Handling,132,116,120,124,121,130,114,99,102,112,117,112
221,Croydon,Theft and Handling,101,87,104,90,101,86,85,105,84,132,91,77
222,Croydon,Theft and Handling,14,7,13,21,24,23,27,23,36,30,14,20
223,Croydon,Violence Against the Person,191,145,214,199,230,199,226,179,176,201,194,195
224,Croydon,Violence Against the Person,231,240,268,251,260,249,273,232,234,256,226,285
225,Croydon,Violence Against the Person,0,0,0,0,0,0,0,0,0,0,0,0
226,Croydon,Violence Against the Person,268,286,308,309,308,326,339,328,293,307,292,300
227,Croydon,Violence Against the Person,0,1,1,0,0,0,0,0,0,0,0,0
228,Croydon,Violence Against the Person,26,25,29,42,32,31,28,15,23,27,30,37
229,Croydon,Violence Against the Person,46,58,43,49,63,33,35,43,41,50,47,56
230,Croydon,Violence Against the Person,85,76,88,94,108,101,91,74,74,90,83,99
231,Ealing,Burglary,184,145,156,162,160,173,152,165,145,173,228,172
232,Ealing,Burglary,66,83,97,96,96,78,68,67,88,100,75,90
233,Ealing,Criminal Damage,43,28,41,46,38,32,44,34,38,43,36,33
234,Ealing,Criminal Damage,99,75,91,85,82,48,83,67,74,62,74,84
235,Ealing,Criminal Damage,23,14,17,11,10,11,15,9,11,14,16,18
236,Ealing,Criminal Damage,54,34,54,56,48,62,65,46,61,65,62,43
237,Ealing,Drugs,3,11,7,8,8,6,8,1,4,9,8,5
238,Ealing,Drugs,1,1,0,0,1,3,2,1,2,1,1,1
239,Ealing,Drugs,122,60,68,84,92,90,65,72,85,93,119,92
240,Ealing,Fraud or Forgery,0,0,0,0,0,0,0,0,0,0,0,0
241,Ealing,Fraud or Forgery,3,6,2,3,4,0,4,3,6,0,8,7
242,Ealing,Other Notifiable Offences,1,5,2,1,1,3,0,1,4,0,0,1
243,Ealing,Other Notifiable Offences,38,47,69,46,52,51,65,60,63,73,61,42
244,Ealing,Robbery,5,4,3,4,7,7,3,3,1,7,4,5
245,Ealing,Robbery,55,63,53,55,55,84,81,79,62,68,72,78
246,Ealing,Sexual Offences,38,23,32,35,36,50,30,28,38,43,45,33
247,Ealing,Sexual Offences,18,21,16,16,32,18,33,25,11,26,26,24
248,Ealing,Theft and Handling,1,0,5,5,4,2,0,5,2,2,3,1
249,Ealing,Theft and Handling,0,0,0,0,0,0,0,0,0,0,0,0
250,Ealing,Theft and Handling,277,245,242,265,282,293,312,264,303,321,321,259
251,Ealing,Theft and Handling,45,57,55,66,44,48,74,55,46,52,79,52
252,Ealing,Theft and Handling,149,193,180,191,224,190,171,187,255,227,317,233
253,Ealing,Theft and Handling,114,100,121,116,104,98,102,116,95,126,98,79
254,Ealing,Theft and Handling,124,111,133,99,79,66,78,97,91,130,125,94
255,Ealing,Theft and Handling,26,28,37,36,56,50,79,61,67,62,31,21
256,Ealing,Violence Against the Person,149,137,164,143,184,161,184,169,174,167,174,182
257,Ealing,Violence Against the Person,247,225,242,235,246,242,296,256,230,241,244,232
258,Ealing,Violence Against the Person,0,0,0,0,0,0,0,0,0,0,0,0
259,Ealing,Violence Against the Person,262,258,258,276,353,300,325,273,309,291,243,282
260,Ealing,Violence Against the Person,0,1,1,0,0,0,0,0,0,0,0,0
261,Ealing,Violence Against the Person,23,11,13,21,16,11,17,19,9,20,18,15
262,Ealing,Violence Against the Person,44,33,32,22,21,27,52,29,28,57,44,37
263,Ealing,Violence Against the Person,86,54,89,100,81,84,94,73,110,71,58,68
264,Enfield,Burglary,228,230,187,201,197,186,163,180,143,235,272,224
265,Enfield,Burglary,103,91,121,105,99,100,92,128,140,109,125,135
266,Enfield,Criminal Damage,48,33,40,41,25,36,49,45,35,27,28,34
267,Enfield,Criminal Damage,68,83,95,82,98,83,64,77,67,70,65,71
268,Enfield,Criminal Damage,11,14,12,12,13,13,16,11,12,8,10,9
269,Enfield,Criminal Damage,63,37,45,63,52,55,60,62,70,79,59,63
270,Enfield,Drugs,10,7,6,4,9,12,6,4,7,12,5,6
271,Enfield,Drugs,1,0,0,1,1,0,0,0,0,0,0,0
272,Enfield,Drugs,59,44,74,77,116,65,47,66,62,68,62,83
273,Enfield,Fraud or Forgery,0,0,0,0,0,0,0,0,0,0,0,0
274,Enfield,Fraud or Forgery,4,2,2,1,4,4,3,3,10,3,2,7
275,Enfield,Other Notifiable Offences,0,0,1,1,1,0,1,4,1,1,1,1
276,Enfield,Other Notifiable Offences,36,48,63,53,59,52,61,53,47,46,64,35
277,Enfield,Robbery,7,3,6,6,5,11,6,4,4,5,9,8
278,Enfield,Robbery,76,93,135,109,105,88,83,92,104,85,123,68
279,Enfield,Sexual Offences,22,35,44,33,50,36,30,24,45,39,28,30
280,Enfield,Sexual Offences,31,31,14,16,33,23,17,16,23,15,23,20
281,Enfield,Theft and Handling,2,1,3,4,4,2,2,3,2,2,2,1
282,Enfield,Theft and Handling,0,0,0,0,0,0,0,0,0,0,0,0
283,Enfield,Theft and Handling,237,241,231,230,283,253,263,233,226,279,246,262
284,Enfield,Theft and Handling,48,49,53,45,56,72,72,48,52,69,55,58
285,Enfield,Theft and Handling,226,225,222,253,211,241,311,270,261,291,295,284
286,Enfield,Theft and Handling,128,120,124,116,110,120,98,111,122,110,97,67
287,Enfield,Theft and Handling,148,146,136,181,124,129,116,135,159,149,135,152
288,Enfield,Theft and Handling,15,11,5,12,18,19,29,22,27,15,15,14
289,Enfield,Violence Against the Person,137,119,176,103,153,150,131,128,121,136,156,139
290,Enfield,Violence Against the Person,182,149,165,184,233,190,208,198,179,176,190,218
291,Enfield,Violence Against the Person,0,0,0,0,0,0,0,0,0,0,0,0
292,Enfield,Violence Against the Person,205,178,221,254,263,295,287,251,224,268,290,227
293,Enfield,Violence Against the Person,0,0,1,0,0,1,0,1,0,0,0,1
294,Enfield,Violence Against the Person,13,16,19,14,32,15,12,20,19,22,18,19
295,Enfield,Violence Against the Person,28,24,31,47,32,38,65,32,50,44,34,54
296,Enfield,Violence Against the Person,59,58,70,57,71,82,74,57,67,71,76,72
297,Greenwich,Burglary,200,148,115,116,120,94,114,153,160,169,235,202
298,Greenwich,Burglary,73,77,87,96,95,91,87,92,72,102,92,106
299,Greenwich,Criminal Damage,38,38,44,37,54,50,47,46,46,36,48,36
300,Greenwich,Criminal Damage,73,55,60,71,73,79,67,67,69,58,48,65
301,Greenwich,Criminal Damage,10,19,10,13,17,17,13,13,14,15,10,15
302,Greenwich,Criminal Damage,55,50,45,62,61,39,55,49,68,78,73,78
303,Greenwich,Drugs,13,13,11,6,3,6,6,5,7,5,4,4
304,Greenwich,Drugs,0,0,0,0,0,1,0,0,0,0,0,0
305,Greenwich,Drugs,45,64,73,73,93,56,61,66,65,65,46,66
306,Greenwich,Fraud or Forgery,0,0,0,0,0,0,0,0,0,0,0,0
307,Greenwich,Fraud or Forgery,4,4,3,7,5,3,6,5,3,4,2,0
308,Greenwich,Other Notifiable Offences,2,1,0,2,0,0,2,1,0,0,0,2
309,Greenwich,Other Notifiable Offences,52,50,61,55,54,52,61,39,57,62,36,61
310,Greenwich,Robbery,9,6,3,3,4,9,6,6,4,4,5,9
311,Greenwich,Robbery,53,35,27,38,49,55,58,39,55,47,48,72
312,Greenwich,Sexual Offences,42,28,33,45,38,46,36,24,37,39,23,43
313,Greenwich,Sexual Offences,23,21,24,32,24,25,26,28,21,26,16,21
314,Greenwich,Theft and Handling,3,2,4,0,5,1,2,3,2,1,1,1
315,Greenwich,Theft and Handling,0,0,0,0,0,0,0,0,0,0,0,0
316,Greenwich,Theft and Handling,216,226,229,242,250,227,223,266,277,255,239,247
317,Greenwich,Theft and Handling,35,42,41,34,28,38,51,42,41,37,57,47
318,Greenwich,Theft and Handling,150,115,134,172,152,133,147,136,202,186,171,192
319,Greenwich,Theft and Handling,143,112,134,144,150,171,111,117,121,131,134,96
320,Greenwich,Theft and Handling,78,88,61,90,102,105,121,93,94,110,90,99
321,Greenwich,Theft and Handling,27,12,13,24,29,34,34,44,37,40,29,22
322,Greenwich,Violence Against the Person,137,124,148,165,190,175,180,159,179,164,158,154
323,Greenwich,Violence Against the Person,203,172,202,178,228,226,264,201,199,232,247,216
324,Greenwich,Violence Against the Person,0,0,0,0,0,0,0,0,0,0,0,0
325,Greenwich,Violence Against the Person,242,192,270,284,284,332,346,276,273,269,286,244
326,Greenwich,Violence Against the Person,0,1,1,2,0,1,1,1,1,1,0,2
327,Greenwich,Violence Against the Person,18,7,17,9,27,21,15,12,12,20,16,10
328,Greenwich,Violence Against the Person,28,23,31,29,41,46,39,30,38,40,40,42
329,Greenwich,Violence Against the Person,82,46,67,60,78,79,86,73,77,72,69,96
330,Hackney,Burglary,185,131,143,175,191,200,209,217,195,219,259,228
331,Hackney,Burglary,99,76,110,98,101,102,128,130,118,130,115,103
332,Hackney,Criminal Damage,36,25,42,39,31,38,31,30,33,24,42,36
333,Hackney,Criminal Damage,51,41,39,42,59,56,70,39,52,42,40,60
334,Hackney,Criminal Damage,15,23,16,20,19,12,16,21,13,18,13,16
335,Hackney,Criminal Damage,59,65,44,51,55,56,55,55,58,65,54,57
336,Hackney,Drugs,10,9,5,11,12,6,6,4,19,7,5,4
337,Hackney,Drugs,1,0,0,0,2,3,0,1,1,0,0,0
338,Hackney,Drugs,140,90,109,119,128,95,71,97,114,114,145,131
339,Hackney,Fraud or Forgery,0,0,0,0,0,0,0,0,0,0,0,0
340,Hackney,Fraud or Forgery,4,3,5,3,10,6,4,1,2,3,3,4
341,Hackney,Other Notifiable Offences,0,1,0,2,5,1,0,0,4,4,5,3
342,Hackney,Other Notifiable Offences,41,32,51,42,47,34,53,38,47,33,43,40
343,Hackney,Robbery,8,7,8,13,11,3,9,13,11,5,10,11
344,Hackney,Robbery,99,85,107,136,110,135,136,108,129,163,149,138
345,Hackney,Sexual Offences,41,38,44,36,52,39,38,46,39,28,34,43
346,Hackney,Sexual Offences,23,23,33,19,24,22,35,24,26,36,23,15
347,Hackney,Theft and Handling,3,3,2,5,4,1,1,3,4,0,3,1
348,Hackney,Theft and Handling,0,0,0,0,0,0,0,0,0,0,0,0
349,Hackney,Theft and Handling,298,274,282,334,330,313,327,346,360,356,353,365
350,Hackney,Theft and Handling,190,152,161,201,156,183,145,175,191,279,192,231
351,Hackney,Theft and Handling,133,110,132,165,183,161,228,195,206,183,213,171
352,Hackney,Theft and Handling,98,87,80,67,69,76,78,73,51,66,84,62
353,Hackney,Theft and Handling,89,75,59,62,75,74,82,79,105,89,79,50
354,Hackney,Theft and Handling,106,93,69,104,164,154,177,191,149,191,167,123
355,Hackney,Violence Against the Person,136,158,148,144,155,156,170,161,146,136,179,151
356,Hackney,Violence Against the Person,212,205,234,196,255,241,234,210,208,236,236,242
357,Hackney,Violence Against the Person,0,0,0,0,0,0,0,0,0,0,0,0
358,Hackney,Violence Against the Person,214,222,257,266,286,285,304,237,266,287,265,288
359,Hackney,Violence Against the Person,2,0,2,2,0,0,0,0,1,0,1,0
360,Hackney,Violence Against the Person,28,16,26,25,29,29,16,19,20,26,29,17
361,Hackney,Violence Against the Person,50,30,36,43,37,31,46,22,24,37,32,49
362,Hackney,Violence Against the Person,83,60,86,73,102,61,74,85,84,94,101,88
363,Hammersmith and Fulham,Burglary,116,90,98,118,161,118,118,117,108,115,117,104
364,Hammersmith and Fulham,Burglary,82,74,81,80,67,65,74,73,89,72,74,76
365,Hammersmith and Fulham,Criminal Damage,25,26,33,22,23,29,30,17,24,25,23,29
366,Hammersmith and Fulham,Criminal Damage,38,43,32,33,35,36,29,28,49,37,35,33
367,Hammersmith and Fulham,Criminal Damage,8,10,15,12,13,13,15,9,9,11,8,1
368,Hammersmith and Fulham,Criminal Damage,39,26,32,32,32,43,35,32,36,33,38,28
369,Hammersmith and Fulham,Drugs,7,1,4,4,1,5,0,3,1,3,59,1
370,Hammersmith and Fulham,Drugs,0,1,0,0,1,0,0,0,2,1,0,4
371,Hammersmith and Fulham,Drugs,90,84,43,72,74,51,75,65,57,94,62,69
372,Hammersmith and Fulham,Fraud or Forgery,0,0,0,0,0,0,0,0,0,0,0,0
373,Hammersmith and Fulham,Fraud or Forgery,4,2,7,4,4,0,3,2,2,2,7,2
374,Hammersmith and Fulham,Other Notifiable Offences,9,5,8,0,1,1,2,2,5,3,0,1
375,Hammersmith and Fulham,Other Notifiable Offences,28,32,38,30,28,32,43,34,18,34,31,34
376,Hammersmith and Fulham,Robbery,1,6,4,2,9,7,5,4,8,4,5,4
377,Hammersmith and Fulham,Robbery,44,49,46,50,69,74,95,58,52,50,72,57
378,Hammersmith and Fulham,Sexual Offences,20,25,23,14,21,25,31,29,22,20,24,28
379,Hammersmith and Fulham,Sexual Offences,15,16,24,13,18,27,15,35,23,38,37,28
380,Hammersmith and Fulham,Theft and Handling,4,6,4,4,7,4,3,2,1,3,0,0
381,Hammersmith and Fulham,Theft and Handling,0,0,0,0,0,0,0,0,0,0,0,0
382,Hammersmith and Fulham,Theft and Handling,267,238,256,250,252,240,256,242,298,262,282,310
383,Hammersmith and Fulham,Theft and Handling,66,79,67,55,67,47,64,42,56,51,83,61
384,Hammersmith and Fulham,Theft and Handling,160,227,146,134,146,156,150,116,177,150,145,150
385,Hammersmith and Fulham,Theft and Handling,141,113,118,155,138,117,108,124,101,136,111,133
386,Hammersmith and Fulham,Theft and Handling,60,63,63,50,61,34,53,33,60,66,44,51
387,Hammersmith and Fulham,Theft and Handling,55,35,50,70,99,109,136,109,132,110,77,56
388,Hammersmith and Fulham,Violence Against the Person,95,109,91,100,120,119,125,98,96,103,86,116
389,Hammersmith and Fulham,Violence Against the Person,142,130,190,156,151,163,177,172,160,161,171,148
390,Hammersmith and Fulham,Violence Against the Person,0,0,0,0,0,0,0,0,0,0,0,0
391,Hammersmith and Fulham,Violence Against the Person,178,178,209,187,211,210,214,200,212,210,187,211
392,Hammersmith and Fulham,Violence Against the Person,2,0,1,0,0,0,0,0,0,0,0,0
393,Hammersmith and Fulham,Violence Against the Person,12,13,12,17,25,14,13,10,15,15,12,3
394,Hammersmith and Fulham,Violence Against the Person,14,13,31,15,22,22,30,66,57,88,66,68
395,Hammersmith and Fulham,Violence Against the Person,34,29,50,51,58,51,57,72,59,55,43,53
396,Haringey,Burglary,199,164,192,212,220,236,187,221,175,233,341,233
397,Haringey,Burglary,85,66,72,82,89,106,117,92,94,98,83,89
398,Haringey,Criminal Damage,42,51,38,34,49,43,45,36,35,38,41,43
399,Haringey,Criminal Damage,64,52,46,62,56,75,49,51,55,65,46,52
400,Haringey,Criminal Damage,18,23,13,19,13,9,17,11,19,9,15,15
401,Haringey,Criminal Damage,61,42,57,69,64,59,64,56,57,86,63,58
402,Haringey,Drugs,4,11,7,29,18,5,6,6,10,9,3,3
403,Haringey,Drugs,1,2,0,1,0,0,1,4,1,1,0,3
404,Haringey,Drugs,92,125,98,156,134,81,74,77,108,73,88,87
405,Haringey,Fraud or Forgery,0,0,0,0,0,0,0,0,0,0,0,0
406,Haringey,Fraud or Forgery,5,2,4,3,8,5,3,9,5,1,4,3
407,Haringey,Other Notifiable Offences,0,1,0,2,0,1,1,2,1,6,2,0
408,Haringey,Other Notifiable Offences,32,39,45,56,51,49,54,41,54,52,37,36
409,Haringey,Robbery,12,12,15,15,13,10,7,9,8,14,9,7
410,Haringey,Robbery,151,146,106,132,155,169,156,151,135,112,171,148
411,Haringey,Sexual Offences,21,37,28,38,34,40,57,31,32,23,44,33
412,Haringey,Sexual Offences,21,25,20,28,45,28,42,23,40,29,22,20
413,Haringey,Theft and Handling,4,3,0,3,1,2,4,5,7,2,1,3
414,Haringey,Theft and Handling,0,0,0,0,0,0,0,0,0,0,0,0
415,Haringey,Theft and Handling,304,246,269,278,250,288,322,255,272,275,273,310
416,Haringey,Theft and Handling,173,144,117,143,142,175,181,97,119,119,185,145
417,Haringey,Theft and Handling,234,212,214,283,225,255,265,265,239,250,291,311
418,Haringey,Theft and Handling,114,127,106,92,114,95,100,93,89,108,93,97
419,Haringey,Theft and Handling,90,82,88,118,100,122,117,108,111,98,95,92
420,Haringey,Theft and Handling,21,17,32,42,39,73,53,47,39,35,27,21
421,Haringey,Violence Against the Person,162,145,156,140,192,168,192,162,155,150,172,142
422,Haringey,Violence Against the Person,207,200,210,208,242,240,256,183,202,223,198,225
423,Haringey,Violence Against the Person,0,0,0,0,0,0,0,0,0,0,0,0
424,Haringey,Violence Against the Person,242,182,230,303,294,286,314,293,278,262,259,235
425,Haringey,Violence Against the Person,0,2,2,1,0,1,0,0,1,0,0,1
426,Haringey,Violence Against the Person,27,21,38,31,23,36,29,24,26,12,16,19
427,Haringey,Violence Against the Person,54,42,53,39,31,45,44,39,55,58,47,32
428,Haringey,Violence Against the Person,90,55,93,85,82,103,107,83,75,89,60,97
429,Harrow,Burglary,189,142,112,93,92,79,104,93,136,172,194,191
430,Harrow,Burglary,65,30,44,35,63,89,79,52,43,45,57,44
431,Harrow,Criminal Damage,22,22,12,20,21,17,24,20,21,19,16,20
432,Harrow,Criminal Damage,32,30,31,25,42,32,43,47,28,33,38,23
433,Harrow,Criminal Damage,10,8,5,7,6,6,12,6,8,3,4,7
434,Harrow,Criminal Damage,31,21,26,24,37,33,37,35,27,37,32,38
435,Harrow,Drugs,4,2,4,4,6,0,1,2,1,6,3,1
436,Harrow,Drugs,1,0,2,0,0,0,1,0,0,0,0,0
437,Harrow,Drugs,43,38,53,42,56,45,39,50,48,43,38,44
438,Harrow,Fraud or Forgery,0,0,0,0,0,0,0,0,0,0,0,0
439,Harrow,Fraud or Forgery,1,1,3,3,0,4,4,4,0,1,3,3
440,Harrow,Other Notifiable Offences,0,1,1,0,1,1,0,0,0,0,0,0
441,Harrow,Other Notifiable Offences,26,26,22,29,18,14,38,27,27,26,27,30
442,Harrow,Robbery,4,3,1,2,3,3,1,1,2,7,3,5
443,Harrow,Robbery,21,15,17,19,24,26,38,26,30,35,49,37
444,Harrow,Sexual Offences,16,12,15,20,17,17,24,16,14,20,13,22
445,Harrow,Sexual Offences,26,10,11,8,8,11,20,10,11,17,8,14
446,Harrow,Theft and Handling,0,1,0,0,3,2,2,0,0,0,1,1
447,Harrow,Theft and Handling,0,0,0,0,0,0,0,0,0,0,0,0
448,Harrow,Theft and Handling,105,115,127,120,132,142,133,130,142,159,158,133
449,Harrow,Theft and Handling,40,31,40,37,32,39,37,20,40,44,41,43
450,Harrow,Theft and Handling,97,84,68,65,86,102,104,104,111,109,146,119
451,Harrow,Theft and Handling,59,64,64,63,83,73,66,57,78,78,84,62
452,Harrow,Theft and Handling,19,51,57,45,40,48,35,29,37,67,50,43
453,Harrow,Theft and Handling,9,9,13,4,18,20,18,10,21,17,20,7
454,Harrow,Violence Against the Person,70,76,85,75,94,81,88,67,71,79,83,78
455,Harrow,Violence Against the Person,139,102,144,101,135,130,130,126,102,127,135,148
456,Harrow,Violence Against the Person,0,0,0,0,0,0,0,0,0,0,0,0
457,Harrow,Violence Against the Person,123,120,107,138,184,158,212,142,160,165,139,145
458,Harrow,Violence Against the Person,0,0,0,0,0,0,0,0,0,0,0,0
459,Harrow,Violence Against the Person,11,15,5,12,4,1,6,9,11,6,8,7
460,Harrow,Violence Against the Person,28,17,13,14,35,22,26,29,21,25,19,21
461,Harrow,Violence Against the Person,49,42,36,38,43,46,60,28,43,49,33,34
462,Havering,Burglary,190,127,92,94,113,89,85,100,109,117,185,173
463,Havering,Burglary,55,48,106,78,64,53,79,107,78,65,63,65
464,Havering,Criminal Damage,31,29,33,26,24,32,25,28,19,25,17,19
465,Havering,Criminal Damage,62,48,58,70,68,62,53,39,47,48,48,44
466,Havering,Criminal Damage,6,8,13,7,11,13,12,9,3,15,8,8
467,Havering,Criminal Damage,34,25,40,29,35,31,39,33,46,43,36,39
468,Havering,Drugs,5,2,4,2,5,2,5,2,4,2,4,0
469,Havering,Drugs,0,0,0,0,0,0,0,0,0,0,0,0
470,Havering,Drugs,47,41,36,39,43,43,37,27,41,47,43,50
471,Havering,Fraud or Forgery,0,0,0,0,0,0,0,0,0,0,0,0
472,Havering,Fraud or Forgery,1,5,4,1,2,0,3,0,2,0,2,1
473,Havering,Other Notifiable Offences,0,1,1,0,1,0,0,2,0,1,0,0
474,Havering,Other Notifiable Offences,29,26,30,35,50,28,41,24,33,37,34,35
475,Havering,Robbery,11,5,6,5,2,3,0,7,6,7,5,9
476,Havering,Robbery,46,44,63,54,50,36,34,43,57,68,58,57
477,Havering,Sexual Offences,24,21,26,22,25,29,29,19,29,23,24,19
478,Havering,Sexual Offences,15,8,16,24,10,11,18,12,22,8,18,10
479,Havering,Theft and Handling,5,2,2,2,2,4,2,1,0,3,2,0
480,Havering,Theft and Handling,0,0,0,0,0,0,0,0,0,0,0,0
481,Havering,Theft and Handling,184,174,188,170,187,168,187,171,156,145,178,177
482,Havering,Theft and Handling,27,26,27,27,47,39,29,19,35,25,26,33
483,Havering,Theft and Handling,75,83,94,109,110,91,78,105,95,107,125,88
484,Havering,Theft and Handling,81,97,99,84,120,76,83,123,72,100,116,111
485,Havering,Theft and Handling,82,86,116,138,124,91,110,105,135,149,138,109
486,Havering,Theft and Handling,6,10,7,13,24,14,14,15,15,15,8,11
487,Havering,Violence Against the Person,99,91,115,91,118,141,143,102,123,108,107,117
488,Havering,Violence Against the Person,149,139,147,125,147,131,147,142,117,145,145,139
489,Havering,Violence Against the Person,0,0,0,0,0,0,0,0,0,0,0,0
490,Havering,Violence Against the Person,171,155,189,202,212,184,241,199,193,205,193,183
491,Havering,Violence Against the Person,0,0,0,0,1,1,0,0,0,0,0,0
492,Havering,Violence Against the Person,18,9,15,14,19,9,17,8,9,13,16,14
493,Havering,Violence Against the Person,24,25,12,22,37,30,29,30,25,35,26,36
494,Havering,Violence Against the Person,50,56,44,51,65,60,43,47,46,47,40,39
495,Hillingdon,Burglary,144,133,136,132,122,114,119,110,104,159,179,173
496,Hillingdon,Burglary,103,125,97,98,84,63,110,77,94,105,89,73
497,Hillingdon,Criminal Damage,31,23,35,35,44,35,40,40,32,36,36,38
498,Hillingdon,Criminal Damage,86,87,94,84,81,74,83,73,67,79,64,87
499,Hillingdon,Criminal Damage,11,12,15,13,22,12,12,10,8,7,13,11
500,Hillingdon,Criminal Damage,45,42,50,58,58,39,66,46,55,71,67,72
501,Hillingdon,Drugs,3,6,6,7,1,2,1,4,8,5,4,6
502,Hillingdon,Drugs,2,0,0,0,1,1,0,0,1,0,0,0
503,Hillingdon,Drugs,64,56,72,77,92,85,65,67,77,68,105,67
504,Hillingdon,Fraud or Forgery,0,0,0,0,0,0,0,0,0,0,0,0
505,Hillingdon,Fraud or Forgery,7,8,6,9,4,3,4,6,1,3,4,3
506,Hillingdon,Other Notifiable Offences,2,0,2,0,1,2,2,0,0,3,0,0
507,Hillingdon,Other Notifiable Offences,128,98,153,110,144,141,168,137,157,131,131,131
508,Hillingdon,Robbery,1,10,3,6,6,4,3,5,6,5,4,8
509,Hillingdon,Robbery,42,56,37,42,38,30,42,33,42,54,43,62
510,Hillingdon,Sexual Offences,30,18,46,23,17,44,37,34,32,34,24,36
511,Hillingdon,Sexual Offences,18,27,24,16,14,16,20,7,12,14,20,9
512,Hillingdon,Theft and Handling,3,0,3,2,1,0,1,2,2,1,2,1
513,Hillingdon,Theft and Handling,0,0,0,0,0,0,0,0,0,0,0,0
514,Hillingdon,Theft and Handling,312,281,320,301,373,315,315,364,332,389,409,351
515,Hillingdon,Theft and Handling,39,41,40,35,40,32,38,37,35,41,53,63
516,Hillingdon,Theft and Handling,237,258,258,209,211,234,239,225,233,270,327,203
517,Hillingdon,Theft and Handling,173,171,195,158,190,177,154,142,118,148,168,149
518,Hillingdon,Theft and Handling,148,123,119,101,87,93,80,69,69,113,92,99
519,Hillingdon,Theft and Handling,25,28,14,23,23,35,38,24,36,31,22,14
520,Hillingdon,Violence Against the Person,152,111,166,145,133,165,163,130,132,134,170,158
521,Hillingdon,Violence Against the Person,196,177,196,173,202,190,195,188,173,207,218,243
522,Hillingdon,Violence Against the Person,0,0,0,0,0,0,0,0,0,0,0,0
523,Hillingdon,Violence Against the Person,232,206,265,242,256,276,296,271,286,281,281,254
524,Hillingdon,Violence Against the Person,0,0,0,0,2,0,0,0,1,1,0,0
525,Hillingdon,Violence Against the Person,17,22,25,17,10,18,25,15,18,16,10,17
526,Hillingdon,Violence Against the Person,31,23,36,27,22,37,49,24,34,33,29,43
527,Hillingdon,Violence Against the Person,67,48,61,50,78,66,94,59,68,66,67,85
528,Hounslow,Burglary,175,180,149,118,127,114,142,110,85,171,176,144
529,Hounslow,Burglary,94,78,101,110,99,85,91,63,79,118,64,81
530,Hounslow,Criminal Damage,19,19,27,25,34,28,33,36,35,46,29,26
531,Hounslow,Criminal Damage,95,54,53,77,80,45,80,83,84,74,77,58
532,Hounslow,Criminal Damage,21,14,18,15,15,9,13,13,12,10,12,13
533,Hounslow,Criminal Damage,42,32,40,52,52,52,65,48,58,60,48,72
534,Hounslow,Drugs,7,29,7,6,4,4,5,7,5,7,6,10
535,Hounslow,Drugs,0,0,1,0,1,0,3,1,0,1,1,0
536,Hounslow,Drugs,100,67,92,82,90,79,107,91,80,103,112,127
537,Hounslow,Fraud or Forgery,0,0,0,0,0,0,0,0,0,0,0,0
538,Hounslow,Fraud or Forgery,2,1,0,0,1,3,7,2,3,0,7,2
539,Hounslow,Other Notifiable Offences,2,1,1,2,0,1,0,0,1,0,2,3
540,Hounslow,Other Notifiable Offences,42,35,39,43,50,51,67,40,35,56,37,33
541,Hounslow,Robbery,2,4,3,3,3,3,7,1,5,8,4,6
542,Hounslow,Robbery,43,44,32,44,56,56,61,44,50,60,58,71
543,Hounslow,Sexual Offences,27,15,36,26,27,35,37,32,25,38,27,25
544,Hounslow,Sexual Offences,21,15,14,13,20,22,35,23,18,36,23,15
545,Hounslow,Theft and Handling,5,3,3,2,3,3,1,1,1,0,3,2
546,Hounslow,Theft and Handling,0,0,0,0,0,0,0,0,0,0,0,0
547,Hounslow,Theft and Handling,228,215,221,231,260,233,228,223,213,229,274,229
548,Hounslow,Theft and Handling,42,40,44,34,47,38,55,31,29,50,74,60
549,Hounslow,Theft and Handling,217,214,226,209,199,180,183,176,235,230,263,244
550,Hounslow,Theft and Handling,108,126,105,104,101,85,90,90,109,110,114,74
551,Hounslow,Theft and Handling,81,84,114,88,53,62,48,64,61,92,97,96
552,Hounslow,Theft and Handling,52,57,38,57,69,57,95,60,79,81,55,37
553,Hounslow,Violence Against the Person,150,121,151,138,167,179,171,141,138,148,129,135
554,Hounslow,Violence Against the Person,222,180,243,173,237,194,231,200,224,236,219,207
555,Hounslow,Violence Against the Person,0,0,0,0,0,0,0,0,0,0,0,0
556,Hounslow,Violence Against the Person,239,175,229,260,310,286,298,241,247,274,244,255
557,Hounslow,Violence Against the Person,0,0,1,0,0,0,0,0,0,0,0,0
558,Hounslow,Violence Against the Person,15,12,10,16,19,16,23,17,17,14,15,29
559,Hounslow,Violence Against the Person,30,27,30,34,29,41,32,35,29,32,28,31
560,Hounslow,Violence Against the Person,76,59,57,75,82,69,68,51,58,79,47,65
561,Islington,Burglary,172,128,108,164,130,188,187,180,139,175,162,191
562,Islington,Burglary,123,92,81,101,96,102,114,83,77,105,85,77
563,Islington,Criminal Damage,37,45,33,34,38,43,39,41,50,38,27,25
564,Islington,Criminal Damage,45,43,43,40,42,44,37,38,42,52,39,68
565,Islington,Criminal Damage,12,16,15,14,21,15,15,14,10,17,24,11
566,Islington,Criminal Damage,29,30,34,42,53,44,41,44,60,54,60,35
567,Islington,Drugs,2,11,3,8,6,5,4,2,6,8,4,5
568,Islington,Drugs,1,1,0,1,2,2,0,0,0,0,0,1
569,Islington,Drugs,104,94,84,108,110,95,89,92,122,82,104,94
570,Islington,Fraud or Forgery,0,0,0,0,0,0,0,0,0,0,0,0
571,Islington,Fraud or Forgery,4,5,4,5,7,3,4,2,3,4,3,3
572,Islington,Other Notifiable Offences,0,0,0,1,1,1,1,2,0,2,1,1
573,Islington,Other Notifiable Offences,43,28,43,45,31,39,49,48,42,47,46,34
574,Islington,Robbery,7,11,8,9,13,7,11,7,7,12,11,11
575,Islington,Robbery,174,105,120,121,102,140,126,93,116,105,106,101
576,Islington,Sexual Offences,32,29,30,26,38,36,31,31,22,57,34,39
577,Islington,Sexual Offences,19,23,20,25,12,19,16,24,18,25,16,15
578,Islington,Theft and Handling,10,6,5,3,2,7,6,1,2,3,5,5
579,Islington,Theft and Handling,0,0,0,0,0,0,0,0,0,0,0,0
580,Islington,Theft and Handling,294,256,273,305,341,272,360,325,342,355,394,411
581,Islington,Theft and Handling,422,213,254,240,201,294,225,191,170,221,186,232
582,Islington,Theft and Handling,151,125,119,127,136,150,178,151,165,171,177,150
583,Islington,Theft and Handling,120,93,108,96,107,116,119,97,122,148,110,93
584,Islington,Theft and Handling,88,41,43,58,62,61,76,74,61,60,61,50
585,Islington,Theft and Handling,73,84,74,92,115,93,142,110,101,129,72,65
586,Islington,Violence Against the Person,119,99,135,127,141,163,170,129,125,140,121,127
587,Islington,Violence Against the Person,165,152,172,176,173,210,200,161,191,217,157,163
588,Islington,Violence Against the Person,0,0,0,0,0,0,0,0,0,0,0,0
589,Islington,Violence Against the Person,226,222,201,228,297,269,301,226,262,261,243,238
590,Islington,Violence Against the Person,1,0,0,1,1,0,1,0,1,0,0,0
591,Islington,Violence Against the Person,24,11,17,17,17,23,27,16,19,11,15,15
592,Islington,Violence Against the Person,31,24,38,33,19,33,25,25,28,35,26,34
593,Islington,Violence Against the Person,63,57,65,99,62,76,96,74,59,80,66,89
594,Kensington and Chelsea,Burglary,171,111,119,144,132,95,109,93,97,94,110,99
595,Kensington and Chelsea,Burglary,123,119,100,92,87,65,79,51,72,99,91,65
596,Kensington and Chelsea,Criminal Damage,29,20,13,15,24,34,22,19,13,13,32,19
597,Kensington and Chelsea,Criminal Damage,34,37,38,30,30,33,35,39,33,34,27,36
598,Kensington and Chelsea,Criminal Damage,9,18,5,10,9,12,12,15,5,4,6,4
599,Kensington and Chelsea,Criminal Damage,17,26,25,20,34,28,25,28,26,37,33,29
600,Kensington and Chelsea,Drugs,5,1,6,2,2,1,3,7,1,2,21,2
601,Kensington and Chelsea,Drugs,0,1,0,4,2,0,0,4,0,1,0,0
602,Kensington and Chelsea,Drugs,104,101,81,91,104,74,88,367,134,74,89,100
603,Kensington and Chelsea,Fraud or Forgery,0,0,0,0,0,0,0,0,0,0,0,0
604,Kensington and Chelsea,Fraud or Forgery,7,7,5,4,2,9,4,2,4,4,3,3
605,Kensington and Chelsea,Other Notifiable Offences,2,3,4,2,2,2,0,1,1,3,0,2
606,Kensington and Chelsea,Other Notifiable Offences,22,17,28,23,24,25,52,32,21,33,25,16
607,Kensington and Chelsea,Robbery,5,8,5,7,8,4,5,1,4,6,2,5
608,Kensington and Chelsea,Robbery,45,51,34,37,65,58,77,71,64,60,58,51
609,Kensington and Chelsea,Sexual Offences,17,12,29,11,20,20,29,34,27,13,8,22
610,Kensington and Chelsea,Sexual Offences,15,16,10,8,7,18,16,16,8,21,11,16
611,Kensington and Chelsea,Theft and Handling,11,2,0,0,2,1,5,3,0,0,2,1
612,Kensington and Chelsea,Theft and Handling,0,0,0,0,0,0,0,0,0,0,0,0
613,Kensington and Chelsea,Theft and Handling,257,238,254,291,284,297,317,389,338,329,359,362
614,Kensington and Chelsea,Theft and Handling,64,105,92,107,98,99,126,237,114,152,167,175
615,Kensington and Chelsea,Theft and Handling,164,236,155,138,150,193,149,107,153,159,165,221
616,Kensington and Chelsea,Theft and Handling,161,143,152,137,130,142,135,121,128,154,153,157
617,Kensington and Chelsea,Theft and Handling,44,43,48,30,46,53,40,48,54,54,62,46
618,Kensington and Chelsea,Theft and Handling,41,41,41,39,41,48,81,55,40,46,39,32
619,Kensington and Chelsea,Violence Against the Person,68,56,77,47,75,94,82,114,72,65,91,84
620,Kensington and Chelsea,Violence Against the Person,114,131,129,126,147,141,153,137,142,107,113,130
621,Kensington and Chelsea,Violence Against the Person,0,0,0,0,0,0,0,0,0,0,0,0
622,Kensington and Chelsea,Violence Against the Person,155,144,167,170,179,222,197,179,165,171,161,154
623,Kensington and Chelsea,Violence Against the Person,0,1,0,0,1,0,0,0,0,0,0,0
624,Kensington and Chelsea,Violence Against the Person,14,12,10,11,13,8,15,47,13,4,8,10
625,Kensington and Chelsea,Violence Against the Person,16,10,14,7,16,14,12,47,18,20,11,26
626,Kensington and Chelsea,Violence Against the Person,23,27,39,39,32,41,45,63,34,33,42,39
627,Kingston upon Thames,Burglary,59,63,54,44,50,38,52,80,59,94,105,74
628,Kingston upon Thames,Burglary,52,32,36,50,27,34,25,37,39,55,40,26
629,Kingston upon Thames,Criminal Damage,16,9,13,20,12,25,16,11,17,19,12,13
630,Kingston upon Thames,Criminal Damage,40,25,19,28,38,35,40,40,28,36,37,26
631,Kingston upon Thames,Criminal Damage,8,10,9,9,12,5,7,5,6,3,2,6
632,Kingston upon Thames,Criminal Damage,26,27,26,18,26,26,30,21,21,30,23,28
633,Kingston upon Thames,Drugs,7,3,2,2,1,0,1,0,1,0,1,0
634,Kingston upon Thames,Drugs,0,0,0,0,0,0,0,0,0,0,0,0
635,Kingston upon Thames,Drugs,43,33,37,36,27,28,38,32,41,40,19,30
636,Kingston upon Thames,Fraud or Forgery,0,0,0,0,0,0,0,0,0,0,0,0
637,Kingston upon Thames,Fraud or Forgery,1,2,1,1,0,2,2,4,2,2,1,1
638,Kingston upon Thames,Other Notifiable Offences,0,1,0,0,0,1,0,0,1,0,0,2
639,Kingston upon Thames,Other Notifiable Offences,21,9,11,18,18,22,25,28,23,31,22,23
640,Kingston upon Thames,Robbery,2,2,2,2,0,0,5,4,1,3,6,0
641,Kingston upon Thames,Robbery,11,19,17,31,14,16,19,19,26,21,16,25
642,Kingston upon Thames,Sexual Offences,17,12,11,20,16,20,23,18,23,25,33,24
643,Kingston upon Thames,Sexual Offences,10,6,5,10,8,11,17,12,18,15,15,10
644,Kingston upon Thames,Theft and Handling,0,0,4,1,0,1,0,0,1,0,2,0
645,Kingston upon Thames,Theft and Handling,0,0,0,0,0,0,0,0,0,0,0,0
646,Kingston upon Thames,Theft and Handling,144,93,141,118,150,117,133,147,104,122,99,111
647,Kingston upon Thames,Theft and Handling,42,31,30,35,23,40,36,38,38,61,47,57
648,Kingston upon Thames,Theft and Handling,71,66,63,60,57,39,59,67,59,94,86,66
649,Kingston upon Thames,Theft and Handling,103,113,96,97,89,75,72,72,75,74,96,72
650,Kingston upon Thames,Theft and Handling,26,36,24,34,31,32,27,35,30,32,35,24
651,Kingston upon Thames,Theft and Handling,22,28,27,45,70,63,103,98,67,54,41,32
652,Kingston upon Thames,Violence Against the Person,77,60,63,54,84,76,93,72,65,94,64,101
653,Kingston upon Thames,Violence Against the Person,71,72,96,77,79,81,82,89,100,81,97,97
654,Kingston upon Thames,Violence Against the Person,0,0,0,0,0,0,0,0,0,0,0,0
655,Kingston upon Thames,Violence Against the Person,89,117,136,100,109,127,154,147,129,142,160,110
656,Kingston upon Thames,Violence Against the Person,0,0,1,0,0,0,0,2,0,0,0,0
657,Kingston upon Thames,Violence Against the Person,8,4,8,3,10,5,1,6,7,12,7,5
658,Kingston upon Thames,Violence Against the Person,11,11,15,15,17,8,11,15,15,19,19,16
659,Kingston upon Thames,Violence Against the Person,24,23,32,40,22,26,22,26,28,27,30,29
660,Lambeth,Burglary,217,205,185,180,211,212,224,218,196,175,207,147
661,Lambeth,Burglary,122,133,118,140,138,158,125,140,124,111,117,132
662,Lambeth,Criminal Damage,49,36,47,45,53,53,58,52,32,33,35,44
663,Lambeth,Criminal Damage,75,73,79,78,103,79,87,84,69,59,51,52
664,Lambeth,Criminal Damage,28,22,21,20,18,16,32,16,16,21,17,20
665,Lambeth,Criminal Damage,67,47,55,58,68,71,70,51,59,66,65,61
666,Lambeth,Drugs,10,11,16,15,17,15,29,9,8,8,14,11
667,Lambeth,Drugs,4,0,2,0,3,4,1,5,1,0,2,1
668,Lambeth,Drugs,150,149,145,163,156,184,146,155,153,174,214,172
669,Lambeth,Fraud or Forgery,0,0,0,0,0,0,0,0,0,0,0,0
670,Lambeth,Fraud or Forgery,4,1,3,4,5,3,1,5,6,1,7,3
671,Lambeth,Other Notifiable Offences,4,1,2,2,3,0,1,2,4,2,0,3
672,Lambeth,Other Notifiable Offences,46,61,50,54,51,44,80,58,48,49,53,52
673,Lambeth,Robbery,4,13,5,10,9,6,7,8,8,5,4,9
674,Lambeth,Robbery,139,104,120,108,93,104,121,103,78,111,98,87
675,Lambeth,Sexual Offences,56,37,41,30,41,51,65,49,57,70,58,40
676,Lambeth,Sexual Offences,47,39,27,27,38,43,49,24,53,30,27,28
677,Lambeth,Theft and Handling,4,4,4,5,4,3,10,2,4,3,4,7
678,Lambeth,Theft and Handling,0,0,0,0,0,0,0,0,0,0,0,0
679,Lambeth,Theft and Handling,428,373,408,469,404,439,441,417,405,415,470,418
680,Lambeth,Theft and Handling,170,137,156,192,119,159,167,188,129,168,173,210
681,Lambeth,Theft and Handling,207,193,182,193,260,220,184,185,167,202,220,197
682,Lambeth,Theft and Handling,84,93,106,90,98,116,110,105,106,103,103,80
683,Lambeth,Theft and Handling,79,80,60,66,74,77,92,69,67,82,73,63
684,Lambeth,Theft and Handling,57,58,40,61,85,102,127,120,108,119,87,64
685,Lambeth,Violence Against the Person,172,146,200,169,205,213,251,166,179,159,188,174
686,Lambeth,Violence Against the Person,232,222,214,225,249,238,306,211,217,267,248,230
687,Lambeth,Violence Against the Person,0,0,0,0,0,0,0,0,0,0,0,0
688,Lambeth,Violence Against the Person,259,250,292,282,324,280,337,297,305,294,324,230
689,Lambeth,Violence Against the Person,0,1,0,1,2,0,1,0,0,0,1,0
690,Lambeth,Violence Against the Person,45,33,35,38,47,40,39,35,35,25,29,33
691,Lambeth,Violence Against the Person,46,29,50,35,62,43,79,52,46,45,51,49
692,Lambeth,Violence Against the Person,82,72,107,101,126,106,116,80,101,98,88,84
693,Lewisham,Burglary,200,143,127,176,174,158,156,157,151,223,198,212
694,Lewisham,Burglary,92,72,70,83,90,68,95,81,86,78,72,105
695,Lewisham,Criminal Damage,59,59,49,42,55,55,46,55,48,48,29,37
696,Lewisham,Criminal Damage,56,44,92,78,92,59,86,56,53,64,71,58
697,Lewisham,Criminal Damage,16,6,15,17,18,15,10,7,18,15,16,11
698,Lewisham,Criminal Damage,50,43,61,55,55,50,67,52,47,64,75,66
699,Lewisham,Drugs,9,13,8,6,9,9,4,30,29,16,3,6
700,Lewisham,Drugs,0,0,0,0,0,2,0,1,0,1,1,1
701,Lewisham,Drugs,99,89,69,75,106,96,88,106,85,94,113,108
702,Lewisham,Fraud or Forgery,0,0,0,0,0,0,0,0,0,0,0,0
703,Lewisham,Fraud or Forgery,8,1,3,2,3,5,3,5,8,1,4,5
704,Lewisham,Other Notifiable Offences,3,1,0,0,2,2,1,2,3,1,0,2
705,Lewisham,Other Notifiable Offences,61,32,67,34,69,54,48,44,47,46,47,37
706,Lewisham,Robbery,7,9,8,14,8,5,5,7,7,14,5,7
707,Lewisham,Robbery,79,64,86,68,88,95,78,80,58,89,92,71
708,Lewisham,Sexual Offences,34,23,43,24,40,43,44,42,35,33,39,27
709,Lewisham,Sexual Offences,24,14,20,23,37,27,29,42,27,32,25,32
710,Lewisham,Theft and Handling,3,3,2,2,2,3,7,6,5,1,2,4
711,Lewisham,Theft and Handling,0,0,0,0,0,0,0,0,0,0,0,0
712,Lewisham,Theft and Handling,218,206,216,207,248,197,234,206,239,266,240,235
713,Lewisham,Theft and Handling,53,36,47,28,37,44,38,55,33,44,46,50
714,Lewisham,Theft and Handling,153,99,132,153,170,139,176,152,149,178,165,192
715,Lewisham,Theft and Handling,111,93,90,97,93,91,113,112,102,88,98,95
716,Lewisham,Theft and Handling,80,89,80,73,86,76,86,83,94,113,80,73
717,Lewisham,Theft and Handling,22,24,27,22,23,35,32,31,55,44,36,25
718,Lewisham,Violence Against the Person,145,131,142,150,154,165,203,140,128,160,164,158
719,Lewisham,Violence Against the Person,200,185,205,187,209,180,235,182,188,210,181,191
720,Lewisham,Violence Against the Person,0,0,0,0,0,0,0,0,0,0,0,0
721,Lewisham,Violence Against the Person,254,245,294,223,284,310,312,298,275,293,305,286
722,Lewisham,Violence Against the Person,0,0,1,0,0,1,0,2,0,0,1,0
723,Lewisham,Violence Against the Person,21,19,30,20,30,26,26,16,29,23,23,19
724,Lewisham,Violence Against the Person,43,36,40,29,35,40,26,30,57,51,37,47
725,Lewisham,Violence Against the Person,91,74,71,69,101,87,91,73,71,83,71,79
726,Merton,Burglary,120,122,81,82,102,99,102,99,86,133,121,129
727,Merton,Burglary,34,40,54,45,37,40,26,41,54,55,54,60
728,Merton,Criminal Damage,25,18,16,15,21,19,25,16,19,29,20,21
729,Merton,Criminal Damage,47,26,31,46,43,46,22,44,32,41,38,43
730,Merton,Criminal Damage,9,6,8,10,11,7,7,8,6,5,3,9
731,Merton,Criminal Damage,27,30,25,31,26,37,34,31,27,33,30,37
732,Merton,Drugs,2,0,3,1,2,2,2,0,1,2,2,0
733,Merton,Drugs,0,0,0,1,0,1,0,0,0,0,0,0
734,Merton,Drugs,62,42,40,42,29,33,32,29,39,39,34,37
735,Merton,Fraud or Forgery,0,0,0,0,0,0,0,0,0,0,0,0
736,Merton,Fraud or Forgery,1,5,0,3,3,3,2,0,2,2,0,3
737,Merton,Other Notifiable Offences,2,0,0,0,0,2,1,0,3,2,2,0
738,Merton,Other Notifiable Offences,23,12,30,26,48,20,28,26,21,20,22,30
739,Merton,Robbery,6,3,6,3,0,2,3,2,3,4,5,10
740,Merton,Robbery,25,24,24,28,30,33,36,24,22,24,37,35
741,Merton,Sexual Offences,22,25,16,16,15,19,32,12,23,16,28,18
742,Merton,Sexual Offences,9,6,8,10,6,2,11,6,8,21,13,10
743,Merton,Theft and Handling,2,0,0,2,2,2,1,0,4,2,1,0
744,Merton,Theft and Handling,0,0,0,0,0,0,0,0,0,0,0,0
745,Merton,Theft and Handling,122,114,112,124,126,128,100,142,112,122,142,135
746,Merton,Theft and Handling,30,22,15,20,17,18,29,20,12,23,16,16
747,Merton,Theft and Handling,95,94,108,75,73,89,57,81,98,113,98,92
748,Merton,Theft and Handling,90,102,95,103,103,69,64,75,62,79,84,71
749,Merton,Theft and Handling,73,48,49,41,35,49,34,49,53,54,45,41
750,Merton,Theft and Handling,34,26,18,21,55,36,26,36,35,40,35,16
751,Merton,Violence Against the Person,55,67,59,72,69,80,117,76,77,77,84,80
752,Merton,Violence Against the Person,96,88,89,91,115,77,123,107,103,94,101,129
753,Merton,Violence Against the Person,0,0,0,0,0,0,0,0,0,0,0,0
754,Merton,Violence Against the Person,99,127,123,120,155,132,178,159,148,145,145,147
755,Merton,Violence Against the Person,0,0,0,1,1,0,0,0,0,0,0,0
756,Merton,Violence Against the Person,8,8,10,10,6,14,6,7,8,7,6,7
757,Merton,Violence Against the Person,12,4,8,16,10,17,17,22,14,19,16,14
758,Merton,Violence Against the Person,35,26,34,33,52,47,44,31,29,31,32,37
759,Newham,Burglary,179,140,144,110,133,133,136,158,123,135,179,181
760,Newham,Burglary,114,90,98,108,105,127,97,137,99,113,141,129
761,Newham,Criminal Damage,45,41,54,57,40,51,47,52,48,45,44,36
762,Newham,Criminal Damage,74,54,55,78,76,76,70,85,78,63,77,87
763,Newham,Criminal Damage,17,9,23,13,30,16,23,19,9,18,16,21
764,Newham,Criminal Damage,44,44,51,54,57,86,59,58,73,88,75,63
765,Newham,Drugs,7,15,7,10,12,4,6,15,13,23,11,10
766,Newham,Drugs,0,0,0,0,0,1,0,1,1,0,2,1
767,Newham,Drugs,164,202,179,152,147,151,148,146,160,182,148,146
768,Newham,Fraud or Forgery,0,0,0,0,0,0,0,0,0,0,0,0
769,Newham,Fraud or Forgery,1,3,5,9,9,7,7,2,5,6,6,2
770,Newham,Other Notifiable Offences,2,3,3,6,5,3,0,1,4,2,3,3
771,Newham,Other Notifiable Offences,73,55,54,59,50,59,62,54,57,67,55,49
772,Newham,Robbery,13,5,5,12,15,6,13,10,7,12,11,10
773,Newham,Robbery,180,125,151,119,118,144,126,117,150,143,151,177
774,Newham,Sexual Offences,38,33,59,46,45,43,50,34,57,40,54,41
775,Newham,Sexual Offences,35,26,44,25,28,44,43,26,49,22,41,17
776,Newham,Theft and Handling,8,5,11,7,5,3,8,9,3,7,2,6
777,Newham,Theft and Handling,0,0,0,0,0,0,0,0,0,0,0,0
778,Newham,Theft and Handling,376,334,304,351,385,388,410,394,398,402,422,403
779,Newham,Theft and Handling,140,197,181,170,128,170,153,148,114,159,223,175
780,Newham,Theft and Handling,282,229,294,285,262,282,266,292,229,218,241,242
781,Newham,Theft and Handling,211,162,173,240,211,188,207,178,171,208,165,185
782,Newham,Theft and Handling,139,120,127,117,119,115,108,122,108,146,128,107
783,Newham,Theft and Handling,29,28,29,34,48,60,61,78,63,73,42,24
784,Newham,Violence Against the Person,141,141,165,191,191,213,227,145,155,184,185,181
785,Newham,Violence Against the Person,252,227,278,229,271,325,325,263,273,263,257,259
786,Newham,Violence Against the Person,0,0,0,0,0,0,0,0,0,0,0,0
787,Newham,Violence Against the Person,236,223,312,250,281,301,278,261,296,321,295,240
788,Newham,Violence Against the Person,0,1,1,1,0,0,0,0,1,0,0,0
789,Newham,Violence Against the Person,31,28,23,24,33,31,21,17,31,32,28,27
790,Newham,Violence Against the Person,63,58,64,38,64,70,58,62,69,50,55,57
791,Newham,Violence Against the Person,74,83,75,88,137,102,101,83,88,96,77,96
792,Redbridge,Burglary,338,302,160,166,187,147,131,131,148,189,230,215
793,Redbridge,Burglary,109,84,101,103,79,88,78,91,113,80,86,88
794,Redbridge,Criminal Damage,36,19,24,37,29,34,28,29,24,23,31,12
795,Redbridge,Criminal Damage,49,51,49,57,51,48,51,50,57,46,41,51
796,Redbridge,Criminal Damage,7,15,12,16,10,13,7,6,8,12,6,4
797,Redbridge,Criminal Damage,35,28,43,47,48,46,48,51,44,56,71,50
798,Redbridge,Drugs,8,5,5,8,2,6,6,5,2,5,2,2
799,Redbridge,Drugs,0,0,0,0,0,1,0,0,0,0,0,0
800,Redbridge,Drugs,48,53,70,66,53,45,37,33,49,51,53,55
801,Redbridge,Fraud or Forgery,0,0,0,0,0,0,0,0,0,0,0,0
802,Redbridge,Fraud or Forgery,2,1,2,2,2,2,2,1,4,1,1,2
803,Redbridge,Other Notifiable Offences,0,0,1,2,0,0,0,0,2,0,2,0
804,Redbridge,Other Notifiable Offences,27,35,39,29,37,33,29,31,29,42,41,36
805,Redbridge,Robbery,7,5,7,6,3,5,6,5,3,8,6,7
806,Redbridge,Robbery,98,51,67,76,70,89,111,65,103,99,87,90
807,Redbridge,Sexual Offences,33,26,19,30,32,33,27,25,20,24,23,24
808,Redbridge,Sexual Offences,16,19,11,23,22,16,19,18,18,15,30,20
809,Redbridge,Theft and Handling,3,3,1,4,4,2,3,2,1,0,0,2
810,Redbridge,Theft and Handling,0,0,0,0,0,0,0,0,0,0,0,0
811,Redbridge,Theft and Handling,204,203,204,201,183,198,244,193,212,222,216,217
812,Redbridge,Theft and Handling,44,74,78,65,46,60,107,43,46,73,115,71
813,Redbridge,Theft and Handling,203,170,178,201,165,174,158,189,194,206,180,178
814,Redbridge,Theft and Handling,97,79,92,100,92,78,98,77,84,101,75,87
815,Redbridge,Theft and Handling,126,117,124,122,124,127,127,115,140,176,164,90
816,Redbridge,Theft and Handling,5,3,7,11,17,13,19,25,18,30,17,17
817,Redbridge,Violence Against the Person,96,96,139,91,125,123,161,114,102,115,122,117
818,Redbridge,Violence Against the Person,200,180,171,161,186,178,196,152,159,196,187,168
819,Redbridge,Violence Against the Person,0,0,0,0,0,0,0,0,0,0,0,0
820,Redbridge,Violence Against the Person,212,187,188,193,241,236,256,201,206,201,208,234
821,Redbridge,Violence Against the Person,2,1,0,0,0,0,0,0,0,1,1,0
822,Redbridge,Violence Against the Person,8,15,13,15,17,17,19,11,9,8,11,11
823,Redbridge,Violence Against the Person,33,29,30,34,36,28,29,36,53,52,38,32
824,Redbridge,Violence Against the Person,63,38,71,73,72,61,63,57,53,52,64,48
825,Richmond upon Thames,Burglary,113,104,100,127,103,74,79,92,103,131,170,134
826,Richmond upon Thames,Burglary,54,57,51,42,51,58,62,87,87,96,59,56
827,Richmond upon Thames,Criminal Damage,16,13,23,9,18,16,13,18,15,23,12,16
828,Richmond upon Thames,Criminal Damage,53,39,46,39,37,43,46,31,27,45,52,30
829,Richmond upon Thames,Criminal Damage,11,7,8,8,13,9,11,8,10,5,5,2
830,Richmond upon Thames,Criminal Damage,26,22,19,23,27,18,36,32,21,32,30,31
831,Richmond upon Thames,Drugs,3,1,0,0,1,1,0,1,2,0,1,0
832,Richmond upon Thames,Drugs,0,0,0,0,1,0,0,0,0,0,0,0
833,Richmond upon Thames,Drugs,21,32,31,16,30,15,20,17,21,18,21,19
834,Richmond upon Thames,Fraud or Forgery,0,0,0,0,0,0,0,0,0,0,0,0
835,Richmond upon Thames,Fraud or Forgery,2,1,1,1,2,0,0,2,0,1,0,2
836,Richmond upon Thames,Other Notifiable Offences,2,0,1,0,0,1,0,2,0,0,0,1
837,Richmond upon Thames,Other Notifiable Offences,9,13,15,13,16,26,32,19,12,20,15,12
838,Richmond upon Thames,Robbery,2,0,1,1,2,1,0,1,0,3,0,4
839,Richmond upon Thames,Robbery,22,20,16,14,21,35,48,26,19,33,47,42
840,Richmond upon Thames,Sexual Offences,9,18,18,15,22,20,17,18,21,12,22,12
841,Richmond upon Thames,Sexual Offences,3,7,6,5,6,12,8,9,7,5,2,8
842,Richmond upon Thames,Theft and Handling,1,1,1,1,1,0,0,0,0,0,0,0
843,Richmond upon Thames,Theft and Handling,0,0,0,0,0,0,0,0,0,0,0,0
844,Richmond upon Thames,Theft and Handling,117,103,106,82,115,85,118,110,87,120,125,99
845,Richmond upon Thames,Theft and Handling,22,22,30,15,27,19,18,12,15,21,23,14
846,Richmond upon Thames,Theft and Handling,125,125,126,109,100,111,106,112,123,121,126,108
847,Richmond upon Thames,Theft and Handling,38,38,45,46,47,43,52,45,54,55,51,31
848,Richmond upon Thames,Theft and Handling,37,25,37,45,35,33,26,49,62,55,58,44
849,Richmond upon Thames,Theft and Handling,46,46,58,62,80,103,93,76,82,81,75,42
850,Richmond upon Thames,Violence Against the Person,60,41,55,56,69,61,75,64,45,57,52,52
851,Richmond upon Thames,Violence Against the Person,67,73,59,60,97,81,106,74,50,75,86,74
852,Richmond upon Thames,Violence Against the Person,0,0,0,0,0,0,0,0,0,0,0,0
853,Richmond upon Thames,Violence Against the Person,101,103,133,127,141,106,182,132,106,100,125,121
854,Richmond upon Thames,Violence Against the Person,0,0,1,0,0,0,0,1,0,0,1,0
855,Richmond upon Thames,Violence Against the Person,6,8,3,5,6,4,10,2,3,6,5,4
856,Richmond upon Thames,Violence Against the Person,13,8,6,5,10,8,12,15,14,10,14,14
857,Richmond upon Thames,Violence Against the Person,24,18,19,31,27,25,39,30,25,23,22,32
858,Southwark,Burglary,222,175,179,212,201,148,150,165,172,162,185,150
859,Southwark,Burglary,121,93,99,128,127,125,130,137,127,112,141,132
860,Southwark,Criminal Damage,57,37,42,57,49,53,64,54,47,46,34,26
861,Southwark,Criminal Damage,84,50,64,67,73,72,58,72,60,50,67,70
862,Southwark,Criminal Damage,29,21,24,31,17,22,22,19,18,21,23,17
863,Southwark,Criminal Damage,60,69,54,57,69,49,64,56,54,86,70,65
864,Southwark,Drugs,6,10,12,7,4,6,8,3,7,11,5,6
865,Southwark,Drugs,0,2,3,1,1,2,0,2,1,0,1,0
866,Southwark,Drugs,184,179,151,133,159,120,131,166,130,134,153,157
867,Southwark,Fraud or Forgery,0,0,0,0,0,0,0,0,0,0,0,0
868,Southwark,Fraud or Forgery,5,3,3,5,3,5,3,2,8,6,5,5
869,Southwark,Other Notifiable Offences,3,0,0,0,0,2,0,4,0,4,3,1
870,Southwark,Other Notifiable Offences,41,50,54,49,56,58,57,67,44,55,40,42
871,Southwark,Robbery,4,11,9,14,14,15,7,4,11,15,8,12
872,Southwark,Robbery,159,143,127,107,119,121,118,136,141,184,163,162
873,Southwark,Sexual Offences,41,53,52,55,36,57,65,49,36,36,44,35
874,Southwark,Sexual Offences,27,32,28,17,26,30,31,32,26,38,36,23
875,Southwark,Theft and Handling,10,7,6,4,5,8,1,1,1,3,3,3
876,Southwark,Theft and Handling,0,0,0,0,0,0,0,0,0,0,0,0
877,Southwark,Theft and Handling,370,362,428,450,447,458,514,491,471,555,477,499
878,Southwark,Theft and Handling,134,119,145,153,125,138,166,151,175,246,266,256
879,Southwark,Theft and Handling,167,149,145,172,174,211,204,195,196,192,239,211
880,Southwark,Theft and Handling,99,102,129,120,156,110,145,112,125,127,119,97
881,Southwark,Theft and Handling,82,75,77,78,77,82,114,82,105,97,92,58
882,Southwark,Theft and Handling,94,54,60,100,84,124,155,171,165,143,95,60
883,Southwark,Violence Against the Person,165,156,165,203,218,203,208,191,148,185,156,157
884,Southwark,Violence Against the Person,245,230,223,244,277,240,286,228,237,228,247,230
885,Southwark,Violence Against the Person,0,0,0,0,0,0,0,0,0,0,0,0
886,Southwark,Violence Against the Person,249,219,276,279,290,305,402,307,328,328,292,276
887,Southwark,Violence Against the Person,0,2,0,0,1,1,2,2,0,1,1,0
888,Southwark,Violence Against the Person,36,27,30,41,42,43,40,45,23,32,29,29
889,Southwark,Violence Against the Person,46,34,50,51,46,32,64,45,35,41,59,46
890,Southwark,Violence Against the Person,99,71,105,108,122,129,123,74,68,85,90,74
891,Sutton,Burglary,101,92,62,61,66,48,66,83,86,100,110,85
892,Sutton,Burglary,57,49,43,50,32,46,28,41,32,53,38,57
893,Sutton,Criminal Damage,15,13,18,28,16,12,30,12,18,17,9,21
894,Sutton,Criminal Damage,50,41,46,52,40,50,49,49,32,33,46,53
895,Sutton,Criminal Damage,7,5,11,10,5,12,6,7,5,4,11,2
896,Sutton,Criminal Damage,19,17,27,25,22,34,46,24,23,41,32,37
897,Sutton,Drugs,1,3,4,2,1,1,1,1,5,0,0,0
898,Sutton,Drugs,2,1,1,0,0,1,0,0,1,0,0,0
899,Sutton,Drugs,46,28,27,32,32,24,23,18,20,20,22,30
900,Sutton,Fraud or Forgery,0,0,0,0,0,0,0,0,0,0,0,0
901,Sutton,Fraud or Forgery,1,0,0,0,0,1,3,0,0,1,0,0
902,Sutton,Other Notifiable Offences,1,0,2,0,0,1,0,1,0,1,0,1
903,Sutton,Other Notifiable Offences,20,19,23,21,47,26,26,17,17,21,18,25
904,Sutton,Robbery,2,4,3,3,1,6,2,2,0,2,3,5
905,Sutton,Robbery,43,25,17,41,11,26,20,22,19,24,14,27
906,Sutton,Sexual Offences,16,11,14,17,14,18,22,12,17,20,15,10
907,Sutton,Sexual Offences,11,8,13,7,10,12,14,11,18,6,14,10
908,Sutton,Theft and Handling,0,2,1,3,1,1,2,1,1,2,3,0
909,Sutton,Theft and Handling,0,0,0,0,0,0,0,0,0,0,0,0
910,Sutton,Theft and Handling,99,92,110,94,88,108,120,96,92,111,116,114
911,Sutton,Theft and Handling,15,18,14,6,7,14,20,19,15,13,16,16
912,Sutton,Theft and Handling,105,85,118,67,76,62,69,80,77,89,79,96
913,Sutton,Theft and Handling,73,64,48,51,79,50,70,73,67,72,74,58
914,Sutton,Theft and Handling,56,28,37,34,37,25,24,28,20,40,39,30
915,Sutton,Theft and Handling,8,8,6,9,8,14,13,13,12,14,5,15
916,Sutton,Violence Against the Person,59,67,80,92,64,91,95,76,86,66,81,97
917,Sutton,Violence Against the Person,85,64,91,86,110,105,92,96,123,104,94,106
918,Sutton,Violence Against the Person,0,0,0,0,0,0,0,0,0,0,0,0
919,Sutton,Violence Against the Person,123,105,114,119,136,190,163,170,135,146,125,124
920,Sutton,Violence Against the Person,0,0,0,0,0,0,0,0,0,0,0,0
921,Sutton,Violence Against the Person,6,11,9,8,14,12,14,7,6,6,5,4
922,Sutton,Violence Against the Person,10,13,6,8,17,15,13,9,11,16,15,22
923,Sutton,Violence Against the Person,26,25,24,31,28,35,53,31,27,34,33,43
924,Tower Hamlets,Burglary,235,188,235,212,197,169,161,178,162,180,239,176
925,Tower Hamlets,Burglary,103,85,132,102,118,129,136,134,94,119,115,126
926,Tower Hamlets,Criminal Damage,56,44,40,56,41,40,42,40,52,27,42,36
927,Tower Hamlets,Criminal Damage,59,46,54,64,73,66,93,70,52,52,51,51
928,Tower Hamlets,Criminal Damage,17,21,19,17,22,18,20,19,20,13,12,13
929,Tower Hamlets,Criminal Damage,64,47,48,54,54,55,67,59,54,72,71,56
930,Tower Hamlets,Drugs,10,4,10,8,2,43,14,9,3,9,8,5
931,Tower Hamlets,Drugs,1,0,1,0,1,0,3,1,4,1,0,1
932,Tower Hamlets,Drugs,135,112,133,167,142,132,153,187,201,195,199,203
933,Tower Hamlets,Fraud or Forgery,0,0,0,0,0,0,0,0,0,0,0,0
934,Tower Hamlets,Fraud or Forgery,4,5,5,1,6,1,9,3,1,3,5,3
935,Tower Hamlets,Other Notifiable Offences,3,1,1,3,2,4,3,5,8,2,2,0
936,Tower Hamlets,Other Notifiable Offences,46,58,62,62,67,62,81,55,61,71,65,51
937,Tower Hamlets,Robbery,7,3,6,9,3,11,4,7,9,6,5,7
938,Tower Hamlets,Robbery,172,98,117,142,71,133,137,131,110,109,113,139
939,Tower Hamlets,Sexual Offences,54,31,39,31,36,40,45,35,45,40,40,35
940,Tower Hamlets,Sexual Offences,18,30,14,21,32,34,30,23,34,30,26,29
941,Tower Hamlets,Theft and Handling,7,1,2,8,4,3,1,1,2,3,5,1
942,Tower Hamlets,Theft and Handling,0,0,0,0,0,0,0,0,0,0,0,0
943,Tower Hamlets,Theft and Handling,338,308,294,375,392,322,390,346,331,422,368,352
944,Tower Hamlets,Theft and Handling,101,135,141,153,120,163,144,169,141,181,155,160
945,Tower Hamlets,Theft and Handling,159,132,160,152,165,206,196,179,189,197,162,202
946,Tower Hamlets,Theft and Handling,92,81,93,94,114,93,81,98,84,82,87,69
947,Tower Hamlets,Theft and Handling,81,63,82,51,99,119,110,127,102,102,69,68
948,Tower Hamlets,Theft and Handling,64,65,86,102,155,134,189,148,172,157,110,64
949,Tower Hamlets,Violence Against the Person,146,84,160,141,155,206,169,147,169,141,168,166
950,Tower Hamlets,Violence Against the Person,237,211,248,225,271,289,316,233,229,229,267,237
951,Tower Hamlets,Violence Against the Person,0,0,0,0,0,0,0,0,0,0,0,0
952,Tower Hamlets,Violence Against the Person,301,282,351,374,365,353,384,342,364,311,345,309
953,Tower Hamlets,Violence Against the Person,0,0,0,1,0,0,0,0,0,1,0,1
954,Tower Hamlets,Violence Against the Person,32,23,32,27,29,26,33,30,30,16,30,16
955,Tower Hamlets,Violence Against the Person,33,44,34,30,40,32,35,41,27,42,40,29
956,Tower Hamlets,Violence Against the Person,74,65,89,97,100,116,98,73,88,104,85,75
957,Waltham Forest,Burglary,173,169,154,131,118,124,123,143,125,114,188,171
958,Waltham Forest,Burglary,59,67,68,84,64,93,87,114,87,111,75,70
959,Waltham Forest,Criminal Damage,30,27,38,34,31,30,33,25,29,28,34,30
960,Waltham Forest,Criminal Damage,59,50,49,43,50,56,40,61,42,39,49,56
961,Waltham Forest,Criminal Damage,11,15,11,9,8,15,15,13,10,11,15,9
962,Waltham Forest,Criminal Damage,45,26,41,51,40,49,49,45,34,54,61,71
963,Waltham Forest,Drugs,5,4,10,6,12,4,9,7,4,14,4,10
964,Waltham Forest,Drugs,0,0,2,0,0,0,0,0,0,1,0,0
965,Waltham Forest,Drugs,85,71,67,113,101,71,80,71,89,118,103,96
966,Waltham Forest,Fraud or Forgery,0,0,0,0,0,0,0,0,0,0,0,0
967,Waltham Forest,Fraud or Forgery,0,2,5,2,3,4,4,3,4,2,1,3
968,Waltham Forest,Other Notifiable Offences,1,2,3,2,1,2,0,0,2,1,0,0
969,Waltham Forest,Other Notifiable Offences,35,27,40,45,47,38,42,34,45,48,44,34
970,Waltham Forest,Robbery,8,7,4,4,9,3,8,4,5,5,8,5
971,Waltham Forest,Robbery,80,81,88,85,86,78,91,60,63,69,66,59
972,Waltham Forest,Sexual Offences,25,29,27,24,23,29,22,25,24,29,34,18
973,Waltham Forest,Sexual Offences,15,26,17,13,32,14,18,11,12,14,14,16
974,Waltham Forest,Theft and Handling,3,2,3,3,4,2,2,4,3,4,1,2
975,Waltham Forest,Theft and Handling,0,0,0,0,0,0,0,0,0,0,0,0
976,Waltham Forest,Theft and Handling,237,220,245,223,240,221,226,230,228,287,236,233
977,Waltham Forest,Theft and Handling,57,90,103,71,68,69,78,50,54,83,92,80
978,Waltham Forest,Theft and Handling,125,137,143,151,162,179,193,243,260,248,200,207
979,Waltham Forest,Theft and Handling,106,82,77,74,73,70,71,67,80,76,82,46
980,Waltham Forest,Theft and Handling,106,89,100,72,75,78,90,80,98,117,82,91
981,Waltham Forest,Theft and Handling,17,19,11,18,30,36,49,57,63,43,43,27
982,Waltham Forest,Violence Against the Person,128,104,110,116,113,140,124,127,135,125,139,125
983,Waltham Forest,Violence Against the Person,183,162,219,136,186,145,180,164,182,177,180,191
984,Waltham Forest,Violence Against the Person,0,0,0,0,0,0,0,0,0,0,0,0
985,Waltham Forest,Violence Against the Person,210,204,221,206,255,230,254,225,242,250,225,215
986,Waltham Forest,Violence Against the Person,0,1,2,1,0,0,1,1,1,0,0,0
987,Waltham Forest,Violence Against the Person,21,20,12,23,28,21,15,13,16,16,14,13
988,Waltham Forest,Violence Against the Person,22,23,40,45,33,61,43,23,30,38,31,31
989,Waltham Forest,Violence Against the Person,58,63,47,72,71,53,86,64,61,56,55,47
990,Wandsworth,Burglary,194,185,157,181,151,205,182,168,166,174,207,168
991,Wandsworth,Burglary,124,114,109,98,86,91,94,89,124,113,88,82
992,Wandsworth,Criminal Damage,40,27,44,35,37,27,24,29,34,39,24,19
993,Wandsworth,Criminal Damage,56,59,68,53,59,66,55,39,47,48,45,61
994,Wandsworth,Criminal Damage,21,24,14,17,13,10,15,14,12,8,12,15
995,Wandsworth,Criminal Damage,48,39,39,52,51,45,55,43,40,54,62,45
996,Wandsworth,Drugs,8,6,9,5,5,6,10,5,4,2,3,3
997,Wandsworth,Drugs,0,0,0,0,0,0,0,1,2,0,0,0
998,Wandsworth,Drugs,48,40,46,53,57,50,51,54,60,51,59,59
999,Wandsworth,Fraud or Forgery,0,0,0,0,0,0,0,0,0,0,0,0
1000,Wandsworth,Fraud or Forgery,2,1,4,5,5,4,2,6,4,5,2,2
1001,Wandsworth,Other Notifiable Offences,0,2,1,2,2,0,0,3,3,2,1,0
1002,Wandsworth,Other Notifiable Offences,31,30,38,42,56,51,69,38,44,41,49,42
1003,Wandsworth,Robbery,7,9,7,7,5,5,6,11,2,7,7,7
1004,Wandsworth,Robbery,65,69,65,62,51,78,98,42,63,63,72,55
1005,Wandsworth,Sexual Offences,29,31,40,42,48,45,54,28,33,48,25,29
1006,Wandsworth,Sexual Offences,24,24,22,15,23,25,30,17,25,21,17,15
1007,Wandsworth,Theft and Handling,4,4,2,1,3,2,2,1,4,3,1,3
1008,Wandsworth,Theft and Handling,0,0,0,0,0,0,0,0,0,0,0,0
1009,Wandsworth,Theft and Handling,238,263,272,275,299,245,277,266,235,256,243,284
1010,Wandsworth,Theft and Handling,56,86,62,56,61,56,81,50,49,58,71,67
1011,Wandsworth,Theft and Handling,249,237,200,145,193,168,174,193,218,200,200,161
1012,Wandsworth,Theft and Handling,104,125,125,146,121,133,112,122,85,92,87,80
1013,Wandsworth,Theft and Handling,112,113,70,77,86,104,103,80,89,94,75,89
1014,Wandsworth,Theft and Handling,65,54,35,58,103,119,112,84,99,129,85,39
1015,Wandsworth,Violence Against the Person,143,115,124,149,166,155,171,125,140,150,118,116
1016,Wandsworth,Violence Against the Person,204,145,207,188,208,208,260,197,168,171,206,185
1017,Wandsworth,Violence Against the Person,0,0,0,0,0,0,0,0,0,0,0,0
1018,Wandsworth,Violence Against the Person,195,183,207,227,256,251,320,225,249,236,264,196
1019,Wandsworth,Violence Against the Person,0,0,1,1,0,0,0,1,0,1,2,0
1020,Wandsworth,Violence Against the Person,15,11,18,10,23,15,21,13,24,9,18,12
1021,Wandsworth,Violence Against the Person,27,20,22,34,35,44,29,36,22,26,39,41
1022,Wandsworth,Violence Against the Person,61,65,66,65,62,75,68,60,55,52,66,58
1023,Westminster,Burglary,199,139,127,138,146,128,158,141,159,169,139,154
1024,Westminster,Burglary,265,237,221,237,244,274,296,260,211,249,240,234
1025,Westminster,Criminal Damage,30,28,31,23,28,33,33,22,26,32,24,30
1026,Westminster,Criminal Damage,49,51,68,78,48,73,74,58,70,66,63,58
1027,Westminster,Criminal Damage,33,27,42,26,31,42,34,33,21,29,37,37
1028,Westminster,Criminal Damage,67,46,47,57,75,70,65,68,63,82,103,83
1029,Westminster,Drugs,5,6,6,4,6,6,8,7,3,5,13,3
1030,Westminster,Drugs,0,0,1,0,0,0,2,6,0,1,3,0
1031,Westminster,Drugs,152,119,106,129,156,106,106,407,98,100,158,172
1032,Westminster,Fraud or Forgery,0,0,0,0,0,0,0,0,0,0,0,0
1033,Westminster,Fraud or Forgery,5,6,2,7,5,3,2,5,7,5,15,15
1034,Westminster,Other Notifiable Offences,5,1,1,2,6,5,3,4,4,2,2,1
1035,Westminster,Other Notifiable Offences,51,59,57,56,55,68,85,61,55,77,71,68
1036,Westminster,Robbery,8,11,7,14,12,9,6,13,11,20,14,10
1037,Westminster,Robbery,178,172,201,202,261,234,281,235,259,292,325,401
1038,Westminster,Sexual Offences,69,49,61,49,46,69,71,75,54,61,70,55
1039,Westminster,Sexual Offences,46,41,33,57,57,65,52,52,34,32,31,30
1040,Westminster,Theft and Handling,16,4,9,6,11,7,2,3,3,5,6,5
1041,Westminster,Theft and Handling,0,0,0,0,0,0,0,0,0,0,0,0
1042,Westminster,Theft and Handling,1062,1002,1072,976,1148,1098,1332,1241,1261,1445,1608,1859
1043,Westminster,Theft and Handling,710,761,884,678,810,810,943,737,685,875,1156,1494
1044,Westminster,Theft and Handling,258,212,225,258,207,267,243,223,258,316,290,274
1045,Westminster,Theft and Handling,429,392,368,384,351,335,296,387,363,383,408,365
1046,Westminster,Theft and Handling,80,63,60,59,50,62,67,68,70,76,54,36
1047,Westminster,Theft and Handling,79,68,77,83,108,110,152,145,154,134,92,73
1048,Westminster,Violence Against the Person,167,147,170,177,191,195,218,225,189,198,201,250
1049,Westminster,Violence Against the Person,320,272,312,292,335,356,364,355,329,354,372,434
1050,Westminster,Violence Against the Person,0,0,0,0,0,0,0,0,0,0,0,0
1051,Westminster,Violence Against the Person,354,344,346,388,415,428,446,389,414,391,388,386
1052,Westminster,Violence Against the Person,0,1,0,0,0,0,0,0,0,0,0,0
1053,Westminster,Violence Against the Person,34,24,23,38,29,29,33,46,28,30,24,41
1054,Westminster,Violence Against the Person,85,67,61,57,88,70,79,83,36,43,37,38
1055,Westminster,Violence Against the Person,75,79,105,87,121,104,130,103,112,106,108,109
